case_id,text,duration_ms,case_passed,status,category,field_id,field_name,confidence,category_selected,category_confidence,selected_categories,category_confidences,error
wifi-only-module,A device that supports WiFi 6 (802.11ax).,2143,true,PASS,wifi_type,4,WiFi 6 (802.11ax),0.96,true,0.98,wifi_type,wifi_type:0.98 | bluetooth:0.02 | esim:0.01 | feature_3gpp:0.02 | network_technologies:0.07 | use_cases:0.08 | form_factors:0.04 | verticals:0.03 | device_types:0.11,
dual-wireless-device,"The device supports WiFi 7, Bluetooth 5.4, and Bluetooth LE 5.3.",720,true,PASS,wifi_type,5,WiFi 7 (802.11be),0.76,true,0.97,wifi_type | bluetooth,wifi_type:0.97 | bluetooth:0.97 | esim:0.02 | feature_3gpp:0.02 | network_technologies:0.04 | use_cases:0.03 | form_factors:0.03 | verticals:0.03 | device_types:0.05,
dual-wireless-device,"The device supports WiFi 7, Bluetooth 5.4, and Bluetooth LE 5.3.",720,true,PASS,bluetooth,9,5.4,0.91,true,0.97,wifi_type | bluetooth,wifi_type:0.97 | bluetooth:0.97 | esim:0.02 | feature_3gpp:0.02 | network_technologies:0.04 | use_cases:0.03 | form_factors:0.03 | verticals:0.03 | device_types:0.05,
dual-wireless-device,"The device supports WiFi 7, Bluetooth 5.4, and Bluetooth LE 5.3.",720,true,PASS,bluetooth,32,LE 5.3,0.86,true,0.97,wifi_type | bluetooth,wifi_type:0.97 | bluetooth:0.97 | esim:0.02 | feature_3gpp:0.02 | network_technologies:0.04 | use_cases:0.03 | form_factors:0.03 | verticals:0.03 | device_types:0.05,
consumer-5g-smartphone,"A consumer smartphone with WiFi 6 and WiFi 6E, Bluetooth 5.3, consumer SGP.22 eSIM, 3GPP Release 17, 5G SA, VoLTE, and VoWi-Fi. It is a handheld device for the IoT consumer market and supports real-time data.",1087,false,PASS,wifi_type,4,WiFi 6 (802.11ax),0.79,true,0.98,wifi_type | bluetooth | esim | feature_3gpp | network_technologies | form_factors | device_types,wifi_type:0.98 | bluetooth:0.98 | esim:0.98 | feature_3gpp:0.97 | network_technologies:0.98 | use_cases:0.25 | form_factors:0.94 | verticals:0.41 | device_types:0.84,
consumer-5g-smartphone,"A consumer smartphone with WiFi 6 and WiFi 6E, Bluetooth 5.3, consumer SGP.22 eSIM, 3GPP Release 17, 5G SA, VoLTE, and VoWi-Fi. It is a handheld device for the IoT consumer market and supports real-time data.",1087,false,PASS,wifi_type,6,WiFi 6E (802.11ax),0.79,true,0.98,wifi_type | bluetooth | esim | feature_3gpp | network_technologies | form_factors | device_types,wifi_type:0.98 | bluetooth:0.98 | esim:0.98 | feature_3gpp:0.97 | network_technologies:0.98 | use_cases:0.25 | form_factors:0.94 | verticals:0.41 | device_types:0.84,
consumer-5g-smartphone,"A consumer smartphone with WiFi 6 and WiFi 6E, Bluetooth 5.3, consumer SGP.22 eSIM, 3GPP Release 17, 5G SA, VoLTE, and VoWi-Fi. It is a handheld device for the IoT consumer market and supports real-time data.",1087,false,PASS,bluetooth,10,5.3,0.96,true,0.98,wifi_type | bluetooth | esim | feature_3gpp | network_technologies | form_factors | device_types,wifi_type:0.98 | bluetooth:0.98 | esim:0.98 | feature_3gpp:0.97 | network_technologies:0.98 | use_cases:0.25 | form_factors:0.94 | verticals:0.41 | device_types:0.84,
consumer-5g-smartphone,"A consumer smartphone with WiFi 6 and WiFi 6E, Bluetooth 5.3, consumer SGP.22 eSIM, 3GPP Release 17, 5G SA, VoLTE, and VoWi-Fi. It is a handheld device for the IoT consumer market and supports real-time data.",1087,false,PASS,esim,3,Consumer (SGP.22),0.94,true,0.98,wifi_type | bluetooth | esim | feature_3gpp | network_technologies | form_factors | device_types,wifi_type:0.98 | bluetooth:0.98 | esim:0.98 | feature_3gpp:0.97 | network_technologies:0.98 | use_cases:0.25 | form_factors:0.94 | verticals:0.41 | device_types:0.84,
consumer-5g-smartphone,"A consumer smartphone with WiFi 6 and WiFi 6E, Bluetooth 5.3, consumer SGP.22 eSIM, 3GPP Release 17, 5G SA, VoLTE, and VoWi-Fi. It is a handheld device for the IoT consumer market and supports real-time data.",1087,false,PASS,feature_3gpp,6,Release 17,0.96,true,0.97,wifi_type | bluetooth | esim | feature_3gpp | network_technologies | form_factors | device_types,wifi_type:0.98 | bluetooth:0.98 | esim:0.98 | feature_3gpp:0.97 | network_technologies:0.98 | use_cases:0.25 | form_factors:0.94 | verticals:0.41 | device_types:0.84,
consumer-5g-smartphone,"A consumer smartphone with WiFi 6 and WiFi 6E, Bluetooth 5.3, consumer SGP.22 eSIM, 3GPP Release 17, 5G SA, VoLTE, and VoWi-Fi. It is a handheld device for the IoT consumer market and supports real-time data.",1087,false,PASS,network_technologies,14,5G SA,0.96,true,0.98,wifi_type | bluetooth | esim | feature_3gpp | network_technologies | form_factors | device_types,wifi_type:0.98 | bluetooth:0.98 | esim:0.98 | feature_3gpp:0.97 | network_technologies:0.98 | use_cases:0.25 | form_factors:0.94 | verticals:0.41 | device_types:0.84,
consumer-5g-smartphone,"A consumer smartphone with WiFi 6 and WiFi 6E, Bluetooth 5.3, consumer SGP.22 eSIM, 3GPP Release 17, 5G SA, VoLTE, and VoWi-Fi. It is a handheld device for the IoT consumer market and supports real-time data.",1087,false,PASS,network_technologies,8,VoLTE,0.93,true,0.98,wifi_type | bluetooth | esim | feature_3gpp | network_technologies | form_factors | device_types,wifi_type:0.98 | bluetooth:0.98 | esim:0.98 | feature_3gpp:0.97 | network_technologies:0.98 | use_cases:0.25 | form_factors:0.94 | verticals:0.41 | device_types:0.84,
consumer-5g-smartphone,"A consumer smartphone with WiFi 6 and WiFi 6E, Bluetooth 5.3, consumer SGP.22 eSIM, 3GPP Release 17, 5G SA, VoLTE, and VoWi-Fi. It is a handheld device for the IoT consumer market and supports real-time data.",1087,false,PASS,network_technologies,9,VoWi-Fi,0.86,true,0.98,wifi_type | bluetooth | esim | feature_3gpp | network_technologies | form_factors | device_types,wifi_type:0.98 | bluetooth:0.98 | esim:0.98 | feature_3gpp:0.97 | network_technologies:0.98 | use_cases:0.25 | form_factors:0.94 | verticals:0.41 | device_types:0.84,
consumer-5g-smartphone,"A consumer smartphone with WiFi 6 and WiFi 6E, Bluetooth 5.3, consumer SGP.22 eSIM, 3GPP Release 17, 5G SA, VoLTE, and VoWi-Fi. It is a handheld device for the IoT consumer market and supports real-time data.",1087,false,MISSING,use_cases,1,Real-Time Data,,false,0.25,wifi_type | bluetooth | esim | feature_3gpp | network_technologies | form_factors | device_types,wifi_type:0.98 | bluetooth:0.98 | esim:0.98 | feature_3gpp:0.97 | network_technologies:0.98 | use_cases:0.25 | form_factors:0.94 | verticals:0.41 | device_types:0.84,
consumer-5g-smartphone,"A consumer smartphone with WiFi 6 and WiFi 6E, Bluetooth 5.3, consumer SGP.22 eSIM, 3GPP Release 17, 5G SA, VoLTE, and VoWi-Fi. It is a handheld device for the IoT consumer market and supports real-time data.",1087,false,PASS,form_factors,7,Smartphone,0.96,true,0.94,wifi_type | bluetooth | esim | feature_3gpp | network_technologies | form_factors | device_types,wifi_type:0.98 | bluetooth:0.98 | esim:0.98 | feature_3gpp:0.97 | network_technologies:0.98 | use_cases:0.25 | form_factors:0.94 | verticals:0.41 | device_types:0.84,
consumer-5g-smartphone,"A consumer smartphone with WiFi 6 and WiFi 6E, Bluetooth 5.3, consumer SGP.22 eSIM, 3GPP Release 17, 5G SA, VoLTE, and VoWi-Fi. It is a handheld device for the IoT consumer market and supports real-time data.",1087,false,MISSING,verticals,2,IoT Consumer,,false,0.41,wifi_type | bluetooth | esim | feature_3gpp | network_technologies | form_factors | device_types,wifi_type:0.98 | bluetooth:0.98 | esim:0.98 | feature_3gpp:0.97 | network_technologies:0.98 | use_cases:0.25 | form_factors:0.94 | verticals:0.41 | device_types:0.84,
consumer-5g-smartphone,"A consumer smartphone with WiFi 6 and WiFi 6E, Bluetooth 5.3, consumer SGP.22 eSIM, 3GPP Release 17, 5G SA, VoLTE, and VoWi-Fi. It is a handheld device for the IoT consumer market and supports real-time data.",1087,false,MISSING,device_types,2,Handhelds & Wearables,0.74,true,0.84,wifi_type | bluetooth | esim | feature_3gpp | network_technologies | form_factors | device_types,wifi_type:0.98 | bluetooth:0.98 | esim:0.98 | feature_3gpp:0.97 | network_technologies:0.98 | use_cases:0.25 | form_factors:0.94 | verticals:0.41 | device_types:0.84,
industrial-iot-sensor,"An LGA industrial sensor and actuator module with WiFi 5, Bluetooth LE 5.2, IoT SGP.32 eSIM, Release 17, LTE-M and NB-IoT. It will be used for monitoring, maintenance, and industrial automation in IoT Industrial and manufacturing deployments.",869,false,PASS,wifi_type,3,WiFi 5 (802.11ac),0.83,true,0.96,wifi_type | bluetooth | esim | feature_3gpp | network_technologies | use_cases | form_factors | verticals | device_types,wifi_type:0.96 | bluetooth:0.98 | esim:0.98 | feature_3gpp:0.96 | network_technologies:0.96 | use_cases:0.98 | form_factors:0.94 | verticals:0.97 | device_types:0.97,
industrial-iot-sensor,"An LGA industrial sensor and actuator module with WiFi 5, Bluetooth LE 5.2, IoT SGP.32 eSIM, Release 17, LTE-M and NB-IoT. It will be used for monitoring, maintenance, and industrial automation in IoT Industrial and manufacturing deployments.",869,false,PASS,bluetooth,31,LE 5.2,0.95,true,0.98,wifi_type | bluetooth | esim | feature_3gpp | network_technologies | use_cases | form_factors | verticals | device_types,wifi_type:0.96 | bluetooth:0.98 | esim:0.98 | feature_3gpp:0.96 | network_technologies:0.96 | use_cases:0.98 | form_factors:0.94 | verticals:0.97 | device_types:0.97,
industrial-iot-sensor,"An LGA industrial sensor and actuator module with WiFi 5, Bluetooth LE 5.2, IoT SGP.32 eSIM, Release 17, LTE-M and NB-IoT. It will be used for monitoring, maintenance, and industrial automation in IoT Industrial and manufacturing deployments.",869,false,PASS,esim,4,IoT (SGP.32),0.86,true,0.98,wifi_type | bluetooth | esim | feature_3gpp | network_technologies | use_cases | form_factors | verticals | device_types,wifi_type:0.96 | bluetooth:0.98 | esim:0.98 | feature_3gpp:0.96 | network_technologies:0.96 | use_cases:0.98 | form_factors:0.94 | verticals:0.97 | device_types:0.97,
industrial-iot-sensor,"An LGA industrial sensor and actuator module with WiFi 5, Bluetooth LE 5.2, IoT SGP.32 eSIM, Release 17, LTE-M and NB-IoT. It will be used for monitoring, maintenance, and industrial automation in IoT Industrial and manufacturing deployments.",869,false,PASS,feature_3gpp,6,Release 17,0.95,true,0.96,wifi_type | bluetooth | esim | feature_3gpp | network_technologies | use_cases | form_factors | verticals | device_types,wifi_type:0.96 | bluetooth:0.98 | esim:0.98 | feature_3gpp:0.96 | network_technologies:0.96 | use_cases:0.98 | form_factors:0.94 | verticals:0.97 | device_types:0.97,
industrial-iot-sensor,"An LGA industrial sensor and actuator module with WiFi 5, Bluetooth LE 5.2, IoT SGP.32 eSIM, Release 17, LTE-M and NB-IoT. It will be used for monitoring, maintenance, and industrial automation in IoT Industrial and manufacturing deployments.",869,false,PASS,network_technologies,4,LTE-M,0.96,true,0.96,wifi_type | bluetooth | esim | feature_3gpp | network_technologies | use_cases | form_factors | verticals | device_types,wifi_type:0.96 | bluetooth:0.98 | esim:0.98 | feature_3gpp:0.96 | network_technologies:0.96 | use_cases:0.98 | form_factors:0.94 | verticals:0.97 | device_types:0.97,
industrial-iot-sensor,"An LGA industrial sensor and actuator module with WiFi 5, Bluetooth LE 5.2, IoT SGP.32 eSIM, Release 17, LTE-M and NB-IoT. It will be used for monitoring, maintenance, and industrial automation in IoT Industrial and manufacturing deployments.",869,false,PASS,network_technologies,10,NB-IoT,0.94,true,0.96,wifi_type | bluetooth | esim | feature_3gpp | network_technologies | use_cases | form_factors | verticals | device_types,wifi_type:0.96 | bluetooth:0.98 | esim:0.98 | feature_3gpp:0.96 | network_technologies:0.96 | use_cases:0.98 | form_factors:0.94 | verticals:0.97 | device_types:0.97,
industrial-iot-sensor,"An LGA industrial sensor and actuator module with WiFi 5, Bluetooth LE 5.2, IoT SGP.32 eSIM, Release 17, LTE-M and NB-IoT. It will be used for monitoring, maintenance, and industrial automation in IoT Industrial and manufacturing deployments.",869,false,PASS,use_cases,21,Monitoring,0.92,true,0.98,wifi_type | bluetooth | esim | feature_3gpp | network_technologies | use_cases | form_factors | verticals | device_types,wifi_type:0.96 | bluetooth:0.98 | esim:0.98 | feature_3gpp:0.96 | network_technologies:0.96 | use_cases:0.98 | form_factors:0.94 | verticals:0.97 | device_types:0.97,
industrial-iot-sensor,"An LGA industrial sensor and actuator module with WiFi 5, Bluetooth LE 5.2, IoT SGP.32 eSIM, Release 17, LTE-M and NB-IoT. It will be used for monitoring, maintenance, and industrial automation in IoT Industrial and manufacturing deployments.",869,false,PASS,use_cases,22,Maintenance,0.91,true,0.98,wifi_type | bluetooth | esim | feature_3gpp | network_technologies | use_cases | form_factors | verticals | device_types,wifi_type:0.96 | bluetooth:0.98 | esim:0.98 | feature_3gpp:0.96 | network_technologies:0.96 | use_cases:0.98 | form_factors:0.94 | verticals:0.97 | device_types:0.97,
industrial-iot-sensor,"An LGA industrial sensor and actuator module with WiFi 5, Bluetooth LE 5.2, IoT SGP.32 eSIM, Release 17, LTE-M and NB-IoT. It will be used for monitoring, maintenance, and industrial automation in IoT Industrial and manufacturing deployments.",869,false,PASS,use_cases,25,Industrial automation,0.95,true,0.98,wifi_type | bluetooth | esim | feature_3gpp | network_technologies | use_cases | form_factors | verticals | device_types,wifi_type:0.96 | bluetooth:0.98 | esim:0.98 | feature_3gpp:0.96 | network_technologies:0.96 | use_cases:0.98 | form_factors:0.94 | verticals:0.97 | device_types:0.97,
industrial-iot-sensor,"An LGA industrial sensor and actuator module with WiFi 5, Bluetooth LE 5.2, IoT SGP.32 eSIM, Release 17, LTE-M and NB-IoT. It will be used for monitoring, maintenance, and industrial automation in IoT Industrial and manufacturing deployments.",869,false,PASS,form_factors,1,LGA,0.78,true,0.94,wifi_type | bluetooth | esim | feature_3gpp | network_technologies | use_cases | form_factors | verticals | device_types,wifi_type:0.96 | bluetooth:0.98 | esim:0.98 | feature_3gpp:0.96 | network_technologies:0.96 | use_cases:0.98 | form_factors:0.94 | verticals:0.97 | device_types:0.97,
industrial-iot-sensor,"An LGA industrial sensor and actuator module with WiFi 5, Bluetooth LE 5.2, IoT SGP.32 eSIM, Release 17, LTE-M and NB-IoT. It will be used for monitoring, maintenance, and industrial automation in IoT Industrial and manufacturing deployments.",869,false,PASS,verticals,3,IoT Industrial,0.86,true,0.97,wifi_type | bluetooth | esim | feature_3gpp | network_technologies | use_cases | form_factors | verticals | device_types,wifi_type:0.96 | bluetooth:0.98 | esim:0.98 | feature_3gpp:0.96 | network_technologies:0.96 | use_cases:0.98 | form_factors:0.94 | verticals:0.97 | device_types:0.97,
industrial-iot-sensor,"An LGA industrial sensor and actuator module with WiFi 5, Bluetooth LE 5.2, IoT SGP.32 eSIM, Release 17, LTE-M and NB-IoT. It will be used for monitoring, maintenance, and industrial automation in IoT Industrial and manufacturing deployments.",869,false,PASS,verticals,12,Manufacturing,0.9,true,0.97,wifi_type | bluetooth | esim | feature_3gpp | network_technologies | use_cases | form_factors | verticals | device_types,wifi_type:0.96 | bluetooth:0.98 | esim:0.98 | feature_3gpp:0.96 | network_technologies:0.96 | use_cases:0.98 | form_factors:0.94 | verticals:0.97 | device_types:0.97,
industrial-iot-sensor,"An LGA industrial sensor and actuator module with WiFi 5, Bluetooth LE 5.2, IoT SGP.32 eSIM, Release 17, LTE-M and NB-IoT. It will be used for monitoring, maintenance, and industrial automation in IoT Industrial and manufacturing deployments.",869,false,MISSING,device_types,1,Module & Chipset,0.52,true,0.97,wifi_type | bluetooth | esim | feature_3gpp | network_technologies | use_cases | form_factors | verticals | device_types,wifi_type:0.96 | bluetooth:0.98 | esim:0.98 | feature_3gpp:0.96 | network_technologies:0.96 | use_cases:0.98 | form_factors:0.94 | verticals:0.97 | device_types:0.97,
industrial-iot-sensor,"An LGA industrial sensor and actuator module with WiFi 5, Bluetooth LE 5.2, IoT SGP.32 eSIM, Release 17, LTE-M and NB-IoT. It will be used for monitoring, maintenance, and industrial automation in IoT Industrial and manufacturing deployments.",869,false,PASS,device_types,14,Sensors & Actuators,0.88,true,0.97,wifi_type | bluetooth | esim | feature_3gpp | network_technologies | use_cases | form_factors | verticals | device_types,wifi_type:0.96 | bluetooth:0.98 | esim:0.98 | feature_3gpp:0.96 | network_technologies:0.96 | use_cases:0.98 | form_factors:0.94 | verticals:0.97 | device_types:0.97,
industrial-iot-sensor,"An LGA industrial sensor and actuator module with WiFi 5, Bluetooth LE 5.2, IoT SGP.32 eSIM, Release 17, LTE-M and NB-IoT. It will be used for monitoring, maintenance, and industrial automation in IoT Industrial and manufacturing deployments.",869,false,EXTRA,bluetooth,8,5.2,0.95,true,0.98,wifi_type | bluetooth | esim | feature_3gpp | network_technologies | use_cases | form_factors | verticals | device_types,wifi_type:0.96 | bluetooth:0.98 | esim:0.98 | feature_3gpp:0.96 | network_technologies:0.96 | use_cases:0.98 | form_factors:0.94 | verticals:0.97 | device_types:0.97,
agriculture-gateway,"A miniPCIe gateway for smart agriculture with WiFi 6, Bluetooth 5.2, M2M SGP.02 eSIM, LTE-M, LTE, and NB-IoT. The gateway performs monitoring, positioning and tracking, and remote operation.",889,false,PASS,wifi_type,4,WiFi 6 (802.11ax),0.85,true,0.97,wifi_type | bluetooth | esim | network_technologies | use_cases | form_factors | verticals | device_types,wifi_type:0.97 | bluetooth:0.97 | esim:0.98 | feature_3gpp:0.06 | network_technologies:0.96 | use_cases:0.98 | form_factors:0.96 | verticals:0.98 | device_types:0.98,
agriculture-gateway,"A miniPCIe gateway for smart agriculture with WiFi 6, Bluetooth 5.2, M2M SGP.02 eSIM, LTE-M, LTE, and NB-IoT. The gateway performs monitoring, positioning and tracking, and remote operation.",889,false,PASS,bluetooth,8,5.2,0.94,true,0.97,wifi_type | bluetooth | esim | network_technologies | use_cases | form_factors | verticals | device_types,wifi_type:0.97 | bluetooth:0.97 | esim:0.98 | feature_3gpp:0.06 | network_technologies:0.96 | use_cases:0.98 | form_factors:0.96 | verticals:0.98 | device_types:0.98,
agriculture-gateway,"A miniPCIe gateway for smart agriculture with WiFi 6, Bluetooth 5.2, M2M SGP.02 eSIM, LTE-M, LTE, and NB-IoT. The gateway performs monitoring, positioning and tracking, and remote operation.",889,false,PASS,esim,2,M2M (SGP.02),0.87,true,0.98,wifi_type | bluetooth | esim | network_technologies | use_cases | form_factors | verticals | device_types,wifi_type:0.97 | bluetooth:0.97 | esim:0.98 | feature_3gpp:0.06 | network_technologies:0.96 | use_cases:0.98 | form_factors:0.96 | verticals:0.98 | device_types:0.98,
agriculture-gateway,"A miniPCIe gateway for smart agriculture with WiFi 6, Bluetooth 5.2, M2M SGP.02 eSIM, LTE-M, LTE, and NB-IoT. The gateway performs monitoring, positioning and tracking, and remote operation.",889,false,PASS,network_technologies,4,LTE-M,0.95,true,0.96,wifi_type | bluetooth | esim | network_technologies | use_cases | form_factors | verticals | device_types,wifi_type:0.97 | bluetooth:0.97 | esim:0.98 | feature_3gpp:0.06 | network_technologies:0.96 | use_cases:0.98 | form_factors:0.96 | verticals:0.98 | device_types:0.98,
agriculture-gateway,"A miniPCIe gateway for smart agriculture with WiFi 6, Bluetooth 5.2, M2M SGP.02 eSIM, LTE-M, LTE, and NB-IoT. The gateway performs monitoring, positioning and tracking, and remote operation.",889,false,PASS,network_technologies,5,LTE,0.92,true,0.96,wifi_type | bluetooth | esim | network_technologies | use_cases | form_factors | verticals | device_types,wifi_type:0.97 | bluetooth:0.97 | esim:0.98 | feature_3gpp:0.06 | network_technologies:0.96 | use_cases:0.98 | form_factors:0.96 | verticals:0.98 | device_types:0.98,
agriculture-gateway,"A miniPCIe gateway for smart agriculture with WiFi 6, Bluetooth 5.2, M2M SGP.02 eSIM, LTE-M, LTE, and NB-IoT. The gateway performs monitoring, positioning and tracking, and remote operation.",889,false,PASS,network_technologies,10,NB-IoT,0.92,true,0.96,wifi_type | bluetooth | esim | network_technologies | use_cases | form_factors | verticals | device_types,wifi_type:0.97 | bluetooth:0.97 | esim:0.98 | feature_3gpp:0.06 | network_technologies:0.96 | use_cases:0.98 | form_factors:0.96 | verticals:0.98 | device_types:0.98,
agriculture-gateway,"A miniPCIe gateway for smart agriculture with WiFi 6, Bluetooth 5.2, M2M SGP.02 eSIM, LTE-M, LTE, and NB-IoT. The gateway performs monitoring, positioning and tracking, and remote operation.",889,false,PASS,use_cases,21,Monitoring,0.93,true,0.98,wifi_type | bluetooth | esim | network_technologies | use_cases | form_factors | verticals | device_types,wifi_type:0.97 | bluetooth:0.97 | esim:0.98 | feature_3gpp:0.06 | network_technologies:0.96 | use_cases:0.98 | form_factors:0.96 | verticals:0.98 | device_types:0.98,
agriculture-gateway,"A miniPCIe gateway for smart agriculture with WiFi 6, Bluetooth 5.2, M2M SGP.02 eSIM, LTE-M, LTE, and NB-IoT. The gateway performs monitoring, positioning and tracking, and remote operation.",889,false,PASS,use_cases,14,Positioning and Tracking,0.95,true,0.98,wifi_type | bluetooth | esim | network_technologies | use_cases | form_factors | verticals | device_types,wifi_type:0.97 | bluetooth:0.97 | esim:0.98 | feature_3gpp:0.06 | network_technologies:0.96 | use_cases:0.98 | form_factors:0.96 | verticals:0.98 | device_types:0.98,
agriculture-gateway,"A miniPCIe gateway for smart agriculture with WiFi 6, Bluetooth 5.2, M2M SGP.02 eSIM, LTE-M, LTE, and NB-IoT. The gateway performs monitoring, positioning and tracking, and remote operation.",889,false,PASS,use_cases,23,Remote operation,0.94,true,0.98,wifi_type | bluetooth | esim | network_technologies | use_cases | form_factors | verticals | device_types,wifi_type:0.97 | bluetooth:0.97 | esim:0.98 | feature_3gpp:0.06 | network_technologies:0.96 | use_cases:0.98 | form_factors:0.96 | verticals:0.98 | device_types:0.98,
agriculture-gateway,"A miniPCIe gateway for smart agriculture with WiFi 6, Bluetooth 5.2, M2M SGP.02 eSIM, LTE-M, LTE, and NB-IoT. The gateway performs monitoring, positioning and tracking, and remote operation.",889,false,PASS,form_factors,12,miniPCIe,0.9,true,0.96,wifi_type | bluetooth | esim | network_technologies | use_cases | form_factors | verticals | device_types,wifi_type:0.97 | bluetooth:0.97 | esim:0.98 | feature_3gpp:0.06 | network_technologies:0.96 | use_cases:0.98 | form_factors:0.96 | verticals:0.98 | device_types:0.98,
agriculture-gateway,"A miniPCIe gateway for smart agriculture with WiFi 6, Bluetooth 5.2, M2M SGP.02 eSIM, LTE-M, LTE, and NB-IoT. The gateway performs monitoring, positioning and tracking, and remote operation.",889,false,PASS,verticals,4,Smart Agriculture,0.93,true,0.98,wifi_type | bluetooth | esim | network_technologies | use_cases | form_factors | verticals | device_types,wifi_type:0.97 | bluetooth:0.97 | esim:0.98 | feature_3gpp:0.06 | network_technologies:0.96 | use_cases:0.98 | form_factors:0.96 | verticals:0.98 | device_types:0.98,
agriculture-gateway,"A miniPCIe gateway for smart agriculture with WiFi 6, Bluetooth 5.2, M2M SGP.02 eSIM, LTE-M, LTE, and NB-IoT. The gateway performs monitoring, positioning and tracking, and remote operation.",889,false,MISSING,device_types,7,Gateway & Dongles,0.67,true,0.98,wifi_type | bluetooth | esim | network_technologies | use_cases | form_factors | verticals | device_types,wifi_type:0.97 | bluetooth:0.97 | esim:0.98 | feature_3gpp:0.06 | network_technologies:0.96 | use_cases:0.98 | form_factors:0.96 | verticals:0.98 | device_types:0.98,
healthcare-wearable,"A connected-healthcare handheld wearable with WiFi 6E, Bluetooth 5.3 and LE 5.3, consumer eSIM, 5G SA, VoLTE, and VoWi-Fi. It supports healthcare monitoring, real-time data, and geolocation.",937,true,PASS,wifi_type,6,WiFi 6E (802.11ax),0.86,true,0.98,wifi_type | bluetooth | esim | network_technologies | use_cases | form_factors | verticals | device_types,wifi_type:0.98 | bluetooth:0.98 | esim:0.93 | feature_3gpp:0.09 | network_technologies:0.98 | use_cases:0.97 | form_factors:0.77 | verticals:0.97 | device_types:0.87,
healthcare-wearable,"A connected-healthcare handheld wearable with WiFi 6E, Bluetooth 5.3 and LE 5.3, consumer eSIM, 5G SA, VoLTE, and VoWi-Fi. It supports healthcare monitoring, real-time data, and geolocation.",937,true,PASS,bluetooth,10,5.3,0.94,true,0.98,wifi_type | bluetooth | esim | network_technologies | use_cases | form_factors | verticals | device_types,wifi_type:0.98 | bluetooth:0.98 | esim:0.93 | feature_3gpp:0.09 | network_technologies:0.98 | use_cases:0.97 | form_factors:0.77 | verticals:0.97 | device_types:0.87,
healthcare-wearable,"A connected-healthcare handheld wearable with WiFi 6E, Bluetooth 5.3 and LE 5.3, consumer eSIM, 5G SA, VoLTE, and VoWi-Fi. It supports healthcare monitoring, real-time data, and geolocation.",937,true,PASS,bluetooth,32,LE 5.3,0.9,true,0.98,wifi_type | bluetooth | esim | network_technologies | use_cases | form_factors | verticals | device_types,wifi_type:0.98 | bluetooth:0.98 | esim:0.93 | feature_3gpp:0.09 | network_technologies:0.98 | use_cases:0.97 | form_factors:0.77 | verticals:0.97 | device_types:0.87,
healthcare-wearable,"A connected-healthcare handheld wearable with WiFi 6E, Bluetooth 5.3 and LE 5.3, consumer eSIM, 5G SA, VoLTE, and VoWi-Fi. It supports healthcare monitoring, real-time data, and geolocation.",937,true,PASS,esim,3,Consumer (SGP.22),0.86,true,0.93,wifi_type | bluetooth | esim | network_technologies | use_cases | form_factors | verticals | device_types,wifi_type:0.98 | bluetooth:0.98 | esim:0.93 | feature_3gpp:0.09 | network_technologies:0.98 | use_cases:0.97 | form_factors:0.77 | verticals:0.97 | device_types:0.87,
healthcare-wearable,"A connected-healthcare handheld wearable with WiFi 6E, Bluetooth 5.3 and LE 5.3, consumer eSIM, 5G SA, VoLTE, and VoWi-Fi. It supports healthcare monitoring, real-time data, and geolocation.",937,true,PASS,network_technologies,14,5G SA,0.97,true,0.98,wifi_type | bluetooth | esim | network_technologies | use_cases | form_factors | verticals | device_types,wifi_type:0.98 | bluetooth:0.98 | esim:0.93 | feature_3gpp:0.09 | network_technologies:0.98 | use_cases:0.97 | form_factors:0.77 | verticals:0.97 | device_types:0.87,
healthcare-wearable,"A connected-healthcare handheld wearable with WiFi 6E, Bluetooth 5.3 and LE 5.3, consumer eSIM, 5G SA, VoLTE, and VoWi-Fi. It supports healthcare monitoring, real-time data, and geolocation.",937,true,PASS,network_technologies,8,VoLTE,0.94,true,0.98,wifi_type | bluetooth | esim | network_technologies | use_cases | form_factors | verticals | device_types,wifi_type:0.98 | bluetooth:0.98 | esim:0.93 | feature_3gpp:0.09 | network_technologies:0.98 | use_cases:0.97 | form_factors:0.77 | verticals:0.97 | device_types:0.87,
healthcare-wearable,"A connected-healthcare handheld wearable with WiFi 6E, Bluetooth 5.3 and LE 5.3, consumer eSIM, 5G SA, VoLTE, and VoWi-Fi. It supports healthcare monitoring, real-time data, and geolocation.",937,true,PASS,network_technologies,9,VoWi-Fi,0.88,true,0.98,wifi_type | bluetooth | esim | network_technologies | use_cases | form_factors | verticals | device_types,wifi_type:0.98 | bluetooth:0.98 | esim:0.93 | feature_3gpp:0.09 | network_technologies:0.98 | use_cases:0.97 | form_factors:0.77 | verticals:0.97 | device_types:0.87,
healthcare-wearable,"A connected-healthcare handheld wearable with WiFi 6E, Bluetooth 5.3 and LE 5.3, consumer eSIM, 5G SA, VoLTE, and VoWi-Fi. It supports healthcare monitoring, real-time data, and geolocation.",937,true,PASS,use_cases,6,Healthcare,0.9,true,0.97,wifi_type | bluetooth | esim | network_technologies | use_cases | form_factors | verticals | device_types,wifi_type:0.98 | bluetooth:0.98 | esim:0.93 | feature_3gpp:0.09 | network_technologies:0.98 | use_cases:0.97 | form_factors:0.77 | verticals:0.97 | device_types:0.87,
healthcare-wearable,"A connected-healthcare handheld wearable with WiFi 6E, Bluetooth 5.3 and LE 5.3, consumer eSIM, 5G SA, VoLTE, and VoWi-Fi. It supports healthcare monitoring, real-time data, and geolocation.",937,true,PASS,use_cases,21,Monitoring,0.87,true,0.97,wifi_type | bluetooth | esim | network_technologies | use_cases | form_factors | verticals | device_types,wifi_type:0.98 | bluetooth:0.98 | esim:0.93 | feature_3gpp:0.09 | network_technologies:0.98 | use_cases:0.97 | form_factors:0.77 | verticals:0.97 | device_types:0.87,
healthcare-wearable,"A connected-healthcare handheld wearable with WiFi 6E, Bluetooth 5.3 and LE 5.3, consumer eSIM, 5G SA, VoLTE, and VoWi-Fi. It supports healthcare monitoring, real-time data, and geolocation.",937,true,PASS,use_cases,1,Real-Time Data,0.83,true,0.97,wifi_type | bluetooth | esim | network_technologies | use_cases | form_factors | verticals | device_types,wifi_type:0.98 | bluetooth:0.98 | esim:0.93 | feature_3gpp:0.09 | network_technologies:0.98 | use_cases:0.97 | form_factors:0.77 | verticals:0.97 | device_types:0.87,
healthcare-wearable,"A connected-healthcare handheld wearable with WiFi 6E, Bluetooth 5.3 and LE 5.3, consumer eSIM, 5G SA, VoLTE, and VoWi-Fi. It supports healthcare monitoring, real-time data, and geolocation.",937,true,PASS,use_cases,43,Geolocation,0.92,true,0.97,wifi_type | bluetooth | esim | network_technologies | use_cases | form_factors | verticals | device_types,wifi_type:0.98 | bluetooth:0.98 | esim:0.93 | feature_3gpp:0.09 | network_technologies:0.98 | use_cases:0.97 | form_factors:0.77 | verticals:0.97 | device_types:0.87,
healthcare-wearable,"A connected-healthcare handheld wearable with WiFi 6E, Bluetooth 5.3 and LE 5.3, consumer eSIM, 5G SA, VoLTE, and VoWi-Fi. It supports healthcare monitoring, real-time data, and geolocation.",937,true,PASS,verticals,1,Connected Healthcare,0.81,true,0.97,wifi_type | bluetooth | esim | network_technologies | use_cases | form_factors | verticals | device_types,wifi_type:0.98 | bluetooth:0.98 | esim:0.93 | feature_3gpp:0.09 | network_technologies:0.98 | use_cases:0.97 | form_factors:0.77 | verticals:0.97 | device_types:0.87,
healthcare-wearable,"A connected-healthcare handheld wearable with WiFi 6E, Bluetooth 5.3 and LE 5.3, consumer eSIM, 5G SA, VoLTE, and VoWi-Fi. It supports healthcare monitoring, real-time data, and geolocation.",937,true,PASS,device_types,2,Handhelds & Wearables,0.91,true,0.87,wifi_type | bluetooth | esim | network_technologies | use_cases | form_factors | verticals | device_types,wifi_type:0.98 | bluetooth:0.98 | esim:0.93 | feature_3gpp:0.09 | network_technologies:0.98 | use_cases:0.97 | form_factors:0.77 | verticals:0.97 | device_types:0.87,
healthcare-wearable,"A connected-healthcare handheld wearable with WiFi 6E, Bluetooth 5.3 and LE 5.3, consumer eSIM, 5G SA, VoLTE, and VoWi-Fi. It supports healthcare monitoring, real-time data, and geolocation.",937,true,EXTRA,esim,1,Supported,0.75,true,0.93,wifi_type | bluetooth | esim | network_technologies | use_cases | form_factors | verticals | device_types,wifi_type:0.98 | bluetooth:0.98 | esim:0.93 | feature_3gpp:0.09 | network_technologies:0.98 | use_cases:0.97 | form_factors:0.77 | verticals:0.97 | device_types:0.87,
autonomous-fleet-vehicle,"A vehicle-mounted autonomous AGV platform for transportation and logistics. It supports 5G SA, 5G NSA, and 5G RedCap on Release 18 and is used for autonomous vehicles, telematics, fleet management, and geolocation.",772,true,PASS,feature_3gpp,3,Release 18,0.94,true,0.97,feature_3gpp | network_technologies | use_cases | verticals | device_types,wifi_type:0.03 | bluetooth:0.02 | esim:0.03 | feature_3gpp:0.97 | network_technologies:0.98 | use_cases:0.97 | form_factors:0.26 | verticals:0.63 | device_types:0.83,
autonomous-fleet-vehicle,"A vehicle-mounted autonomous AGV platform for transportation and logistics. It supports 5G SA, 5G NSA, and 5G RedCap on Release 18 and is used for autonomous vehicles, telematics, fleet management, and geolocation.",772,true,PASS,network_technologies,12,5G NSA,0.95,true,0.98,feature_3gpp | network_technologies | use_cases | verticals | device_types,wifi_type:0.03 | bluetooth:0.02 | esim:0.03 | feature_3gpp:0.97 | network_technologies:0.98 | use_cases:0.97 | form_factors:0.26 | verticals:0.63 | device_types:0.83,
autonomous-fleet-vehicle,"A vehicle-mounted autonomous AGV platform for transportation and logistics. It supports 5G SA, 5G NSA, and 5G RedCap on Release 18 and is used for autonomous vehicles, telematics, fleet management, and geolocation.",772,true,PASS,network_technologies,14,5G SA,0.95,true,0.98,feature_3gpp | network_technologies | use_cases | verticals | device_types,wifi_type:0.03 | bluetooth:0.02 | esim:0.03 | feature_3gpp:0.97 | network_technologies:0.98 | use_cases:0.97 | form_factors:0.26 | verticals:0.63 | device_types:0.83,
autonomous-fleet-vehicle,"A vehicle-mounted autonomous AGV platform for transportation and logistics. It supports 5G SA, 5G NSA, and 5G RedCap on Release 18 and is used for autonomous vehicles, telematics, fleet management, and geolocation.",772,true,PASS,network_technologies,18,5G RedCap (NR-Lite),0.81,true,0.98,feature_3gpp | network_technologies | use_cases | verticals | device_types,wifi_type:0.03 | bluetooth:0.02 | esim:0.03 | feature_3gpp:0.97 | network_technologies:0.98 | use_cases:0.97 | form_factors:0.26 | verticals:0.63 | device_types:0.83,
autonomous-fleet-vehicle,"A vehicle-mounted autonomous AGV platform for transportation and logistics. It supports 5G SA, 5G NSA, and 5G RedCap on Release 18 and is used for autonomous vehicles, telematics, fleet management, and geolocation.",772,true,PASS,use_cases,3,Autonomous Vehicles,0.9,true,0.97,feature_3gpp | network_technologies | use_cases | verticals | device_types,wifi_type:0.03 | bluetooth:0.02 | esim:0.03 | feature_3gpp:0.97 | network_technologies:0.98 | use_cases:0.97 | form_factors:0.26 | verticals:0.63 | device_types:0.83,
autonomous-fleet-vehicle,"A vehicle-mounted autonomous AGV platform for transportation and logistics. It supports 5G SA, 5G NSA, and 5G RedCap on Release 18 and is used for autonomous vehicles, telematics, fleet management, and geolocation.",772,true,PASS,use_cases,16,Telematics,0.94,true,0.97,feature_3gpp | network_technologies | use_cases | verticals | device_types,wifi_type:0.03 | bluetooth:0.02 | esim:0.03 | feature_3gpp:0.97 | network_technologies:0.98 | use_cases:0.97 | form_factors:0.26 | verticals:0.63 | device_types:0.83,
autonomous-fleet-vehicle,"A vehicle-mounted autonomous AGV platform for transportation and logistics. It supports 5G SA, 5G NSA, and 5G RedCap on Release 18 and is used for autonomous vehicles, telematics, fleet management, and geolocation.",772,true,PASS,use_cases,17,Fleet management,0.96,true,0.97,feature_3gpp | network_technologies | use_cases | verticals | device_types,wifi_type:0.03 | bluetooth:0.02 | esim:0.03 | feature_3gpp:0.97 | network_technologies:0.98 | use_cases:0.97 | form_factors:0.26 | verticals:0.63 | device_types:0.83,
autonomous-fleet-vehicle,"A vehicle-mounted autonomous AGV platform for transportation and logistics. It supports 5G SA, 5G NSA, and 5G RedCap on Release 18 and is used for autonomous vehicles, telematics, fleet management, and geolocation.",772,true,PASS,use_cases,43,Geolocation,0.91,true,0.97,feature_3gpp | network_technologies | use_cases | verticals | device_types,wifi_type:0.03 | bluetooth:0.02 | esim:0.03 | feature_3gpp:0.97 | network_technologies:0.98 | use_cases:0.97 | form_factors:0.26 | verticals:0.63 | device_types:0.83,
autonomous-fleet-vehicle,"A vehicle-mounted autonomous AGV platform for transportation and logistics. It supports 5G SA, 5G NSA, and 5G RedCap on Release 18 and is used for autonomous vehicles, telematics, fleet management, and geolocation.",772,true,PASS,verticals,10,Transportation & Logistics,0.87,true,0.63,feature_3gpp | network_technologies | use_cases | verticals | device_types,wifi_type:0.03 | bluetooth:0.02 | esim:0.03 | feature_3gpp:0.97 | network_technologies:0.98 | use_cases:0.97 | form_factors:0.26 | verticals:0.63 | device_types:0.83,
autonomous-fleet-vehicle,"A vehicle-mounted autonomous AGV platform for transportation and logistics. It supports 5G SA, 5G NSA, and 5G RedCap on Release 18 and is used for autonomous vehicles, telematics, fleet management, and geolocation.",772,true,PASS,device_types,12,Vehicles AGV & Drones,0.77,true,0.83,feature_3gpp | network_technologies | use_cases | verticals | device_types,wifi_type:0.03 | bluetooth:0.02 | esim:0.03 | feature_3gpp:0.97 | network_technologies:0.98 | use_cases:0.97 | form_factors:0.26 | verticals:0.63 | device_types:0.83,
autonomous-fleet-vehicle,"A vehicle-mounted autonomous AGV platform for transportation and logistics. It supports 5G SA, 5G NSA, and 5G RedCap on Release 18 and is used for autonomous vehicles, telematics, fleet management, and geolocation.",772,true,PASS,device_types,18,Vehicle Mounted,0.85,true,0.83,feature_3gpp | network_technologies | use_cases | verticals | device_types,wifi_type:0.03 | bluetooth:0.02 | esim:0.03 | feature_3gpp:0.97 | network_technologies:0.98 | use_cases:0.97 | form_factors:0.26 | verticals:0.63 | device_types:0.83,
smart-city-camera,"An integrated scanner and camera for smart-city public safety. It supports WiFi 6, LTE, 5G NSA, video surveillance, computer vision, security, physical security and access control, and emergency incident reporting.",767,false,PASS,wifi_type,4,WiFi 6 (802.11ax),0.79,true,0.97,wifi_type | network_technologies | use_cases | form_factors | verticals | device_types,wifi_type:0.97 | bluetooth:0.02 | esim:0.03 | feature_3gpp:0.08 | network_technologies:0.82 | use_cases:0.97 | form_factors:0.6 | verticals:0.96 | device_types:0.93,
smart-city-camera,"An integrated scanner and camera for smart-city public safety. It supports WiFi 6, LTE, 5G NSA, video surveillance, computer vision, security, physical security and access control, and emergency incident reporting.",767,false,PASS,network_technologies,5,LTE,0.94,true,0.82,wifi_type | network_technologies | use_cases | form_factors | verticals | device_types,wifi_type:0.97 | bluetooth:0.02 | esim:0.03 | feature_3gpp:0.08 | network_technologies:0.82 | use_cases:0.97 | form_factors:0.6 | verticals:0.96 | device_types:0.93,
smart-city-camera,"An integrated scanner and camera for smart-city public safety. It supports WiFi 6, LTE, 5G NSA, video surveillance, computer vision, security, physical security and access control, and emergency incident reporting.",767,false,PASS,network_technologies,12,5G NSA,0.94,true,0.82,wifi_type | network_technologies | use_cases | form_factors | verticals | device_types,wifi_type:0.97 | bluetooth:0.02 | esim:0.03 | feature_3gpp:0.08 | network_technologies:0.82 | use_cases:0.97 | form_factors:0.6 | verticals:0.96 | device_types:0.93,
smart-city-camera,"An integrated scanner and camera for smart-city public safety. It supports WiFi 6, LTE, 5G NSA, video surveillance, computer vision, security, physical security and access control, and emergency incident reporting.",767,false,PASS,use_cases,28,Video Surveillance,0.91,true,0.97,wifi_type | network_technologies | use_cases | form_factors | verticals | device_types,wifi_type:0.97 | bluetooth:0.02 | esim:0.03 | feature_3gpp:0.08 | network_technologies:0.82 | use_cases:0.97 | form_factors:0.6 | verticals:0.96 | device_types:0.93,
smart-city-camera,"An integrated scanner and camera for smart-city public safety. It supports WiFi 6, LTE, 5G NSA, video surveillance, computer vision, security, physical security and access control, and emergency incident reporting.",767,false,PASS,use_cases,26,Computer Vision,0.92,true,0.97,wifi_type | network_technologies | use_cases | form_factors | verticals | device_types,wifi_type:0.97 | bluetooth:0.02 | esim:0.03 | feature_3gpp:0.08 | network_technologies:0.82 | use_cases:0.97 | form_factors:0.6 | verticals:0.96 | device_types:0.93,
smart-city-camera,"An integrated scanner and camera for smart-city public safety. It supports WiFi 6, LTE, 5G NSA, video surveillance, computer vision, security, physical security and access control, and emergency incident reporting.",767,false,PASS,use_cases,13,Security,0.88,true,0.97,wifi_type | network_technologies | use_cases | form_factors | verticals | device_types,wifi_type:0.97 | bluetooth:0.02 | esim:0.03 | feature_3gpp:0.08 | network_technologies:0.82 | use_cases:0.97 | form_factors:0.6 | verticals:0.96 | device_types:0.93,
smart-city-camera,"An integrated scanner and camera for smart-city public safety. It supports WiFi 6, LTE, 5G NSA, video surveillance, computer vision, security, physical security and access control, and emergency incident reporting.",767,false,PASS,use_cases,37,Physical security and access control,0.94,true,0.97,wifi_type | network_technologies | use_cases | form_factors | verticals | device_types,wifi_type:0.97 | bluetooth:0.02 | esim:0.03 | feature_3gpp:0.08 | network_technologies:0.82 | use_cases:0.97 | form_factors:0.6 | verticals:0.96 | device_types:0.93,
smart-city-camera,"An integrated scanner and camera for smart-city public safety. It supports WiFi 6, LTE, 5G NSA, video surveillance, computer vision, security, physical security and access control, and emergency incident reporting.",767,false,PASS,use_cases,41,Emergency Incident reporting,0.81,true,0.97,wifi_type | network_technologies | use_cases | form_factors | verticals | device_types,wifi_type:0.97 | bluetooth:0.02 | esim:0.03 | feature_3gpp:0.08 | network_technologies:0.82 | use_cases:0.97 | form_factors:0.6 | verticals:0.96 | device_types:0.93,
smart-city-camera,"An integrated scanner and camera for smart-city public safety. It supports WiFi 6, LTE, 5G NSA, video surveillance, computer vision, security, physical security and access control, and emergency incident reporting.",767,false,MISSING,form_factors,6,Integrated Device,0.42,true,0.6,wifi_type | network_technologies | use_cases | form_factors | verticals | device_types,wifi_type:0.97 | bluetooth:0.02 | esim:0.03 | feature_3gpp:0.08 | network_technologies:0.82 | use_cases:0.97 | form_factors:0.6 | verticals:0.96 | device_types:0.93,
smart-city-camera,"An integrated scanner and camera for smart-city public safety. It supports WiFi 6, LTE, 5G NSA, video surveillance, computer vision, security, physical security and access control, and emergency incident reporting.",767,false,PASS,verticals,6,Smart Cities,0.88,true,0.96,wifi_type | network_technologies | use_cases | form_factors | verticals | device_types,wifi_type:0.97 | bluetooth:0.02 | esim:0.03 | feature_3gpp:0.08 | network_technologies:0.82 | use_cases:0.97 | form_factors:0.6 | verticals:0.96 | device_types:0.93,
smart-city-camera,"An integrated scanner and camera for smart-city public safety. It supports WiFi 6, LTE, 5G NSA, video surveillance, computer vision, security, physical security and access control, and emergency incident reporting.",767,false,PASS,verticals,25,Public Safety,0.91,true,0.96,wifi_type | network_technologies | use_cases | form_factors | verticals | device_types,wifi_type:0.97 | bluetooth:0.02 | esim:0.03 | feature_3gpp:0.08 | network_technologies:0.82 | use_cases:0.97 | form_factors:0.6 | verticals:0.96 | device_types:0.93,
smart-city-camera,"An integrated scanner and camera for smart-city public safety. It supports WiFi 6, LTE, 5G NSA, video surveillance, computer vision, security, physical security and access control, and emergency incident reporting.",767,false,PASS,device_types,13,Scanner & Cameras,0.83,true,0.93,wifi_type | network_technologies | use_cases | form_factors | verticals | device_types,wifi_type:0.97 | bluetooth:0.02 | esim:0.03 | feature_3gpp:0.08 | network_technologies:0.82 | use_cases:0.97 | form_factors:0.6 | verticals:0.96 | device_types:0.93,
cold-chain-tracker,"An asset tracker for cold-chain transportation and logistics with Bluetooth LE 5.1, LTE-M, NB-IoT, and geolocation. It supports cold chain, positioning and tracking, fleet management, monitoring, and logistics.",880,false,PASS,bluetooth,28,LE 5.1,0.93,true,0.98,bluetooth | network_technologies | use_cases | verticals | device_types,wifi_type:0.03 | bluetooth:0.98 | esim:0.03 | feature_3gpp:0.06 | network_technologies:0.96 | use_cases:0.98 | form_factors:0.05 | verticals:0.74 | device_types:0.96,
cold-chain-tracker,"An asset tracker for cold-chain transportation and logistics with Bluetooth LE 5.1, LTE-M, NB-IoT, and geolocation. It supports cold chain, positioning and tracking, fleet management, monitoring, and logistics.",880,false,PASS,network_technologies,4,LTE-M,0.95,true,0.96,bluetooth | network_technologies | use_cases | verticals | device_types,wifi_type:0.03 | bluetooth:0.98 | esim:0.03 | feature_3gpp:0.06 | network_technologies:0.96 | use_cases:0.98 | form_factors:0.05 | verticals:0.74 | device_types:0.96,
cold-chain-tracker,"An asset tracker for cold-chain transportation and logistics with Bluetooth LE 5.1, LTE-M, NB-IoT, and geolocation. It supports cold chain, positioning and tracking, fleet management, monitoring, and logistics.",880,false,PASS,network_technologies,10,NB-IoT,0.95,true,0.96,bluetooth | network_technologies | use_cases | verticals | device_types,wifi_type:0.03 | bluetooth:0.98 | esim:0.03 | feature_3gpp:0.06 | network_technologies:0.96 | use_cases:0.98 | form_factors:0.05 | verticals:0.74 | device_types:0.96,
cold-chain-tracker,"An asset tracker for cold-chain transportation and logistics with Bluetooth LE 5.1, LTE-M, NB-IoT, and geolocation. It supports cold chain, positioning and tracking, fleet management, monitoring, and logistics.",880,false,PASS,use_cases,18,Cold Chain,0.93,true,0.98,bluetooth | network_technologies | use_cases | verticals | device_types,wifi_type:0.03 | bluetooth:0.98 | esim:0.03 | feature_3gpp:0.06 | network_technologies:0.96 | use_cases:0.98 | form_factors:0.05 | verticals:0.74 | device_types:0.96,
cold-chain-tracker,"An asset tracker for cold-chain transportation and logistics with Bluetooth LE 5.1, LTE-M, NB-IoT, and geolocation. It supports cold chain, positioning and tracking, fleet management, monitoring, and logistics.",880,false,PASS,use_cases,14,Positioning and Tracking,0.95,true,0.98,bluetooth | network_technologies | use_cases | verticals | device_types,wifi_type:0.03 | bluetooth:0.98 | esim:0.03 | feature_3gpp:0.06 | network_technologies:0.96 | use_cases:0.98 | form_factors:0.05 | verticals:0.74 | device_types:0.96,
cold-chain-tracker,"An asset tracker for cold-chain transportation and logistics with Bluetooth LE 5.1, LTE-M, NB-IoT, and geolocation. It supports cold chain, positioning and tracking, fleet management, monitoring, and logistics.",880,false,PASS,use_cases,17,Fleet management,0.95,true,0.98,bluetooth | network_technologies | use_cases | verticals | device_types,wifi_type:0.03 | bluetooth:0.98 | esim:0.03 | feature_3gpp:0.06 | network_technologies:0.96 | use_cases:0.98 | form_factors:0.05 | verticals:0.74 | device_types:0.96,
cold-chain-tracker,"An asset tracker for cold-chain transportation and logistics with Bluetooth LE 5.1, LTE-M, NB-IoT, and geolocation. It supports cold chain, positioning and tracking, fleet management, monitoring, and logistics.",880,false,PASS,use_cases,21,Monitoring,0.92,true,0.98,bluetooth | network_technologies | use_cases | verticals | device_types,wifi_type:0.03 | bluetooth:0.98 | esim:0.03 | feature_3gpp:0.06 | network_technologies:0.96 | use_cases:0.98 | form_factors:0.05 | verticals:0.74 | device_types:0.96,
cold-chain-tracker,"An asset tracker for cold-chain transportation and logistics with Bluetooth LE 5.1, LTE-M, NB-IoT, and geolocation. It supports cold chain, positioning and tracking, fleet management, monitoring, and logistics.",880,false,MISSING,use_cases,30,Logistic,0.55,true,0.98,bluetooth | network_technologies | use_cases | verticals | device_types,wifi_type:0.03 | bluetooth:0.98 | esim:0.03 | feature_3gpp:0.06 | network_technologies:0.96 | use_cases:0.98 | form_factors:0.05 | verticals:0.74 | device_types:0.96,
cold-chain-tracker,"An asset tracker for cold-chain transportation and logistics with Bluetooth LE 5.1, LTE-M, NB-IoT, and geolocation. It supports cold chain, positioning and tracking, fleet management, monitoring, and logistics.",880,false,PASS,use_cases,43,Geolocation,0.86,true,0.98,bluetooth | network_technologies | use_cases | verticals | device_types,wifi_type:0.03 | bluetooth:0.98 | esim:0.03 | feature_3gpp:0.06 | network_technologies:0.96 | use_cases:0.98 | form_factors:0.05 | verticals:0.74 | device_types:0.96,
cold-chain-tracker,"An asset tracker for cold-chain transportation and logistics with Bluetooth LE 5.1, LTE-M, NB-IoT, and geolocation. It supports cold chain, positioning and tracking, fleet management, monitoring, and logistics.",880,false,PASS,verticals,10,Transportation & Logistics,0.87,true,0.74,bluetooth | network_technologies | use_cases | verticals | device_types,wifi_type:0.03 | bluetooth:0.98 | esim:0.03 | feature_3gpp:0.06 | network_technologies:0.96 | use_cases:0.98 | form_factors:0.05 | verticals:0.74 | device_types:0.96,
cold-chain-tracker,"An asset tracker for cold-chain transportation and logistics with Bluetooth LE 5.1, LTE-M, NB-IoT, and geolocation. It supports cold chain, positioning and tracking, fleet management, monitoring, and logistics.",880,false,PASS,device_types,15,Trackers,0.83,true,0.96,bluetooth | network_technologies | use_cases | verticals | device_types,wifi_type:0.03 | bluetooth:0.98 | esim:0.03 | feature_3gpp:0.06 | network_technologies:0.96 | use_cases:0.98 | form_factors:0.05 | verticals:0.74 | device_types:0.96,
cold-chain-tracker,"An asset tracker for cold-chain transportation and logistics with Bluetooth LE 5.1, LTE-M, NB-IoT, and geolocation. It supports cold chain, positioning and tracking, fleet management, monitoring, and logistics.",880,false,EXTRA,bluetooth,5,5.1,0.94,true,0.98,bluetooth | network_technologies | use_cases | verticals | device_types,wifi_type:0.03 | bluetooth:0.98 | esim:0.03 | feature_3gpp:0.06 | network_technologies:0.96 | use_cases:0.98 | form_factors:0.05 | verticals:0.74 | device_types:0.96,
factory-robot,"A robotics and machinery system for manufacturing with WiFi 6E, private 5G SA, and Release 17. It performs industrial automation, computer vision, quality assurance and inspection, material handling, remote operation, and worker safety.",952,true,PASS,wifi_type,6,WiFi 6E (802.11ax),0.81,true,0.98,wifi_type | feature_3gpp | network_technologies | use_cases | verticals | device_types,wifi_type:0.98 | bluetooth:0.02 | esim:0.02 | feature_3gpp:0.97 | network_technologies:0.96 | use_cases:0.98 | form_factors:0.04 | verticals:0.95 | device_types:0.85,
factory-robot,"A robotics and machinery system for manufacturing with WiFi 6E, private 5G SA, and Release 17. It performs industrial automation, computer vision, quality assurance and inspection, material handling, remote operation, and worker safety.",952,true,PASS,feature_3gpp,6,Release 17,0.95,true,0.97,wifi_type | feature_3gpp | network_technologies | use_cases | verticals | device_types,wifi_type:0.98 | bluetooth:0.02 | esim:0.02 | feature_3gpp:0.97 | network_technologies:0.96 | use_cases:0.98 | form_factors:0.04 | verticals:0.95 | device_types:0.85,
factory-robot,"A robotics and machinery system for manufacturing with WiFi 6E, private 5G SA, and Release 17. It performs industrial automation, computer vision, quality assurance and inspection, material handling, remote operation, and worker safety.",952,true,PASS,network_technologies,14,5G SA,0.95,true,0.96,wifi_type | feature_3gpp | network_technologies | use_cases | verticals | device_types,wifi_type:0.98 | bluetooth:0.02 | esim:0.02 | feature_3gpp:0.97 | network_technologies:0.96 | use_cases:0.98 | form_factors:0.04 | verticals:0.95 | device_types:0.85,
factory-robot,"A robotics and machinery system for manufacturing with WiFi 6E, private 5G SA, and Release 17. It performs industrial automation, computer vision, quality assurance and inspection, material handling, remote operation, and worker safety.",952,true,PASS,use_cases,25,Industrial automation,0.96,true,0.98,wifi_type | feature_3gpp | network_technologies | use_cases | verticals | device_types,wifi_type:0.98 | bluetooth:0.02 | esim:0.02 | feature_3gpp:0.97 | network_technologies:0.96 | use_cases:0.98 | form_factors:0.04 | verticals:0.95 | device_types:0.85,
factory-robot,"A robotics and machinery system for manufacturing with WiFi 6E, private 5G SA, and Release 17. It performs industrial automation, computer vision, quality assurance and inspection, material handling, remote operation, and worker safety.",952,true,PASS,use_cases,26,Computer Vision,0.93,true,0.98,wifi_type | feature_3gpp | network_technologies | use_cases | verticals | device_types,wifi_type:0.98 | bluetooth:0.02 | esim:0.02 | feature_3gpp:0.97 | network_technologies:0.96 | use_cases:0.98 | form_factors:0.04 | verticals:0.95 | device_types:0.85,
factory-robot,"A robotics and machinery system for manufacturing with WiFi 6E, private 5G SA, and Release 17. It performs industrial automation, computer vision, quality assurance and inspection, material handling, remote operation, and worker safety.",952,true,PASS,use_cases,27,Quality assurance & inspection,0.86,true,0.98,wifi_type | feature_3gpp | network_technologies | use_cases | verticals | device_types,wifi_type:0.98 | bluetooth:0.02 | esim:0.02 | feature_3gpp:0.97 | network_technologies:0.96 | use_cases:0.98 | form_factors:0.04 | verticals:0.95 | device_types:0.85,
factory-robot,"A robotics and machinery system for manufacturing with WiFi 6E, private 5G SA, and Release 17. It performs industrial automation, computer vision, quality assurance and inspection, material handling, remote operation, and worker safety.",952,true,PASS,use_cases,29,Material handling,0.95,true,0.98,wifi_type | feature_3gpp | network_technologies | use_cases | verticals | device_types,wifi_type:0.98 | bluetooth:0.02 | esim:0.02 | feature_3gpp:0.97 | network_technologies:0.96 | use_cases:0.98 | form_factors:0.04 | verticals:0.95 | device_types:0.85,
factory-robot,"A robotics and machinery system for manufacturing with WiFi 6E, private 5G SA, and Release 17. It performs industrial automation, computer vision, quality assurance and inspection, material handling, remote operation, and worker safety.",952,true,PASS,use_cases,23,Remote operation,0.96,true,0.98,wifi_type | feature_3gpp | network_technologies | use_cases | verticals | device_types,wifi_type:0.98 | bluetooth:0.02 | esim:0.02 | feature_3gpp:0.97 | network_technologies:0.96 | use_cases:0.98 | form_factors:0.04 | verticals:0.95 | device_types:0.85,
factory-robot,"A robotics and machinery system for manufacturing with WiFi 6E, private 5G SA, and Release 17. It performs industrial automation, computer vision, quality assurance and inspection, material handling, remote operation, and worker safety.",952,true,PASS,use_cases,24,Worker Safety,0.9,true,0.98,wifi_type | feature_3gpp | network_technologies | use_cases | verticals | device_types,wifi_type:0.98 | bluetooth:0.02 | esim:0.02 | feature_3gpp:0.97 | network_technologies:0.96 | use_cases:0.98 | form_factors:0.04 | verticals:0.95 | device_types:0.85,
factory-robot,"A robotics and machinery system for manufacturing with WiFi 6E, private 5G SA, and Release 17. It performs industrial automation, computer vision, quality assurance and inspection, material handling, remote operation, and worker safety.",952,true,PASS,verticals,12,Manufacturing,0.95,true,0.95,wifi_type | feature_3gpp | network_technologies | use_cases | verticals | device_types,wifi_type:0.98 | bluetooth:0.02 | esim:0.02 | feature_3gpp:0.97 | network_technologies:0.96 | use_cases:0.98 | form_factors:0.04 | verticals:0.95 | device_types:0.85,
factory-robot,"A robotics and machinery system for manufacturing with WiFi 6E, private 5G SA, and Release 17. It performs industrial automation, computer vision, quality assurance and inspection, material handling, remote operation, and worker safety.",952,true,PASS,device_types,11,Robotics & Machinery,0.84,true,0.85,wifi_type | feature_3gpp | network_technologies | use_cases | verticals | device_types,wifi_type:0.98 | bluetooth:0.02 | esim:0.02 | feature_3gpp:0.97 | network_technologies:0.96 | use_cases:0.98 | form_factors:0.04 | verticals:0.95 | device_types:0.85,
railway-mounted-unit,"A vehicle-mounted railway device using LTE, 5G SA, VoLTE, and VoNR. It supports railway operations, trackside service, rail infrastructure maintenance, train operator communications, passenger safety and security, and emergency coordination.",804,false,PASS,network_technologies,5,LTE,0.95,true,0.98,network_technologies | use_cases | verticals,wifi_type:0.03 | bluetooth:0.02 | esim:0.02 | feature_3gpp:0.07 | network_technologies:0.98 | use_cases:0.98 | form_factors:0.4 | verticals:0.98 | device_types:0.41,
railway-mounted-unit,"A vehicle-mounted railway device using LTE, 5G SA, VoLTE, and VoNR. It supports railway operations, trackside service, rail infrastructure maintenance, train operator communications, passenger safety and security, and emergency coordination.",804,false,PASS,network_technologies,14,5G SA,0.97,true,0.98,network_technologies | use_cases | verticals,wifi_type:0.03 | bluetooth:0.02 | esim:0.02 | feature_3gpp:0.07 | network_technologies:0.98 | use_cases:0.98 | form_factors:0.4 | verticals:0.98 | device_types:0.41,
railway-mounted-unit,"A vehicle-mounted railway device using LTE, 5G SA, VoLTE, and VoNR. It supports railway operations, trackside service, rail infrastructure maintenance, train operator communications, passenger safety and security, and emergency coordination.",804,false,PASS,network_technologies,8,VoLTE,0.96,true,0.98,network_technologies | use_cases | verticals,wifi_type:0.03 | bluetooth:0.02 | esim:0.02 | feature_3gpp:0.07 | network_technologies:0.98 | use_cases:0.98 | form_factors:0.4 | verticals:0.98 | device_types:0.41,
railway-mounted-unit,"A vehicle-mounted railway device using LTE, 5G SA, VoLTE, and VoNR. It supports railway operations, trackside service, rail infrastructure maintenance, train operator communications, passenger safety and security, and emergency coordination.",804,false,PASS,network_technologies,22,VoNR,0.94,true,0.98,network_technologies | use_cases | verticals,wifi_type:0.03 | bluetooth:0.02 | esim:0.02 | feature_3gpp:0.07 | network_technologies:0.98 | use_cases:0.98 | form_factors:0.4 | verticals:0.98 | device_types:0.41,
railway-mounted-unit,"A vehicle-mounted railway device using LTE, 5G SA, VoLTE, and VoNR. It supports railway operations, trackside service, rail infrastructure maintenance, train operator communications, passenger safety and security, and emergency coordination.",804,false,PASS,use_cases,20,Railway,0.89,true,0.98,network_technologies | use_cases | verticals,wifi_type:0.03 | bluetooth:0.02 | esim:0.02 | feature_3gpp:0.07 | network_technologies:0.98 | use_cases:0.98 | form_factors:0.4 | verticals:0.98 | device_types:0.41,
railway-mounted-unit,"A vehicle-mounted railway device using LTE, 5G SA, VoLTE, and VoNR. It supports railway operations, trackside service, rail infrastructure maintenance, train operator communications, passenger safety and security, and emergency coordination.",804,false,MISSING,use_cases,33,Trackside,0.74,true,0.98,network_technologies | use_cases | verticals,wifi_type:0.03 | bluetooth:0.02 | esim:0.02 | feature_3gpp:0.07 | network_technologies:0.98 | use_cases:0.98 | form_factors:0.4 | verticals:0.98 | device_types:0.41,
railway-mounted-unit,"A vehicle-mounted railway device using LTE, 5G SA, VoLTE, and VoNR. It supports railway operations, trackside service, rail infrastructure maintenance, train operator communications, passenger safety and security, and emergency coordination.",804,false,PASS,use_cases,50,Rail infrastructure maintenance,0.92,true,0.98,network_technologies | use_cases | verticals,wifi_type:0.03 | bluetooth:0.02 | esim:0.02 | feature_3gpp:0.07 | network_technologies:0.98 | use_cases:0.98 | form_factors:0.4 | verticals:0.98 | device_types:0.41,
railway-mounted-unit,"A vehicle-mounted railway device using LTE, 5G SA, VoLTE, and VoNR. It supports railway operations, trackside service, rail infrastructure maintenance, train operator communications, passenger safety and security, and emergency coordination.",804,false,PASS,use_cases,48,Train operator communications,0.95,true,0.98,network_technologies | use_cases | verticals,wifi_type:0.03 | bluetooth:0.02 | esim:0.02 | feature_3gpp:0.07 | network_technologies:0.98 | use_cases:0.98 | form_factors:0.4 | verticals:0.98 | device_types:0.41,
railway-mounted-unit,"A vehicle-mounted railway device using LTE, 5G SA, VoLTE, and VoNR. It supports railway operations, trackside service, rail infrastructure maintenance, train operator communications, passenger safety and security, and emergency coordination.",804,false,PASS,use_cases,49,Passenger safety and security,0.95,true,0.98,network_technologies | use_cases | verticals,wifi_type:0.03 | bluetooth:0.02 | esim:0.02 | feature_3gpp:0.07 | network_technologies:0.98 | use_cases:0.98 | form_factors:0.4 | verticals:0.98 | device_types:0.41,
railway-mounted-unit,"A vehicle-mounted railway device using LTE, 5G SA, VoLTE, and VoNR. It supports railway operations, trackside service, rail infrastructure maintenance, train operator communications, passenger safety and security, and emergency coordination.",804,false,PASS,use_cases,47,Emergency coordination,0.96,true,0.98,network_technologies | use_cases | verticals,wifi_type:0.03 | bluetooth:0.02 | esim:0.02 | feature_3gpp:0.07 | network_technologies:0.98 | use_cases:0.98 | form_factors:0.4 | verticals:0.98 | device_types:0.41,
railway-mounted-unit,"A vehicle-mounted railway device using LTE, 5G SA, VoLTE, and VoNR. It supports railway operations, trackside service, rail infrastructure maintenance, train operator communications, passenger safety and security, and emergency coordination.",804,false,PASS,verticals,24,Railway,0.94,true,0.98,network_technologies | use_cases | verticals,wifi_type:0.03 | bluetooth:0.02 | esim:0.02 | feature_3gpp:0.07 | network_technologies:0.98 | use_cases:0.98 | form_factors:0.4 | verticals:0.98 | device_types:0.41,
railway-mounted-unit,"A vehicle-mounted railway device using LTE, 5G SA, VoLTE, and VoNR. It supports railway operations, trackside service, rail infrastructure maintenance, train operator communications, passenger safety and security, and emergency coordination.",804,false,MISSING,device_types,18,Vehicle Mounted,,false,0.41,network_technologies | use_cases | verticals,wifi_type:0.03 | bluetooth:0.02 | esim:0.02 | feature_3gpp:0.07 | network_technologies:0.98 | use_cases:0.98 | form_factors:0.4 | verticals:0.98 | device_types:0.41,
hazardous-oil-gas-device,"An integrated device for oil and gas and mining sites, certified for EX Zone 1/21 and Class 1 Division 1. It supports worker safety, monitoring, maintenance, secure communications, and an emergency distress-button alarm over LTE and 5G SA.",746,false,PASS,network_technologies,5,LTE,0.92,true,0.96,network_technologies | use_cases | form_factors | verticals,wifi_type:0.03 | bluetooth:0.02 | esim:0.03 | feature_3gpp:0.07 | network_technologies:0.96 | use_cases:0.97 | form_factors:0.85 | verticals:0.98 | device_types:0.26,
hazardous-oil-gas-device,"An integrated device for oil and gas and mining sites, certified for EX Zone 1/21 and Class 1 Division 1. It supports worker safety, monitoring, maintenance, secure communications, and an emergency distress-button alarm over LTE and 5G SA.",746,false,PASS,network_technologies,14,5G SA,0.95,true,0.96,network_technologies | use_cases | form_factors | verticals,wifi_type:0.03 | bluetooth:0.02 | esim:0.03 | feature_3gpp:0.07 | network_technologies:0.96 | use_cases:0.97 | form_factors:0.85 | verticals:0.98 | device_types:0.26,
hazardous-oil-gas-device,"An integrated device for oil and gas and mining sites, certified for EX Zone 1/21 and Class 1 Division 1. It supports worker safety, monitoring, maintenance, secure communications, and an emergency distress-button alarm over LTE and 5G SA.",746,false,MISSING,use_cases,51,EX Zone 1/21 & Cl1 Div.1,0.3,true,0.97,network_technologies | use_cases | form_factors | verticals,wifi_type:0.03 | bluetooth:0.02 | esim:0.03 | feature_3gpp:0.07 | network_technologies:0.96 | use_cases:0.97 | form_factors:0.85 | verticals:0.98 | device_types:0.26,
hazardous-oil-gas-device,"An integrated device for oil and gas and mining sites, certified for EX Zone 1/21 and Class 1 Division 1. It supports worker safety, monitoring, maintenance, secure communications, and an emergency distress-button alarm over LTE and 5G SA.",746,false,PASS,use_cases,24,Worker Safety,0.8,true,0.97,network_technologies | use_cases | form_factors | verticals,wifi_type:0.03 | bluetooth:0.02 | esim:0.03 | feature_3gpp:0.07 | network_technologies:0.96 | use_cases:0.97 | form_factors:0.85 | verticals:0.98 | device_types:0.26,
hazardous-oil-gas-device,"An integrated device for oil and gas and mining sites, certified for EX Zone 1/21 and Class 1 Division 1. It supports worker safety, monitoring, maintenance, secure communications, and an emergency distress-button alarm over LTE and 5G SA.",746,false,PASS,use_cases,21,Monitoring,0.91,true,0.97,network_technologies | use_cases | form_factors | verticals,wifi_type:0.03 | bluetooth:0.02 | esim:0.03 | feature_3gpp:0.07 | network_technologies:0.96 | use_cases:0.97 | form_factors:0.85 | verticals:0.98 | device_types:0.26,
hazardous-oil-gas-device,"An integrated device for oil and gas and mining sites, certified for EX Zone 1/21 and Class 1 Division 1. It supports worker safety, monitoring, maintenance, secure communications, and an emergency distress-button alarm over LTE and 5G SA.",746,false,PASS,use_cases,22,Maintenance,0.88,true,0.97,network_technologies | use_cases | form_factors | verticals,wifi_type:0.03 | bluetooth:0.02 | esim:0.03 | feature_3gpp:0.07 | network_technologies:0.96 | use_cases:0.97 | form_factors:0.85 | verticals:0.98 | device_types:0.26,
hazardous-oil-gas-device,"An integrated device for oil and gas and mining sites, certified for EX Zone 1/21 and Class 1 Division 1. It supports worker safety, monitoring, maintenance, secure communications, and an emergency distress-button alarm over LTE and 5G SA.",746,false,PASS,use_cases,38,Secure communications,0.95,true,0.97,network_technologies | use_cases | form_factors | verticals,wifi_type:0.03 | bluetooth:0.02 | esim:0.03 | feature_3gpp:0.07 | network_technologies:0.96 | use_cases:0.97 | form_factors:0.85 | verticals:0.98 | device_types:0.26,
hazardous-oil-gas-device,"An integrated device for oil and gas and mining sites, certified for EX Zone 1/21 and Class 1 Division 1. It supports worker safety, monitoring, maintenance, secure communications, and an emergency distress-button alarm over LTE and 5G SA.",746,false,PASS,use_cases,39,Emergency alarm via distress button,0.9,true,0.97,network_technologies | use_cases | form_factors | verticals,wifi_type:0.03 | bluetooth:0.02 | esim:0.03 | feature_3gpp:0.07 | network_technologies:0.96 | use_cases:0.97 | form_factors:0.85 | verticals:0.98 | device_types:0.26,
hazardous-oil-gas-device,"An integrated device for oil and gas and mining sites, certified for EX Zone 1/21 and Class 1 Division 1. It supports worker safety, monitoring, maintenance, secure communications, and an emergency distress-button alarm over LTE and 5G SA.",746,false,MISSING,form_factors,6,Integrated Device,0.66,true,0.85,network_technologies | use_cases | form_factors | verticals,wifi_type:0.03 | bluetooth:0.02 | esim:0.03 | feature_3gpp:0.07 | network_technologies:0.96 | use_cases:0.97 | form_factors:0.85 | verticals:0.98 | device_types:0.26,
hazardous-oil-gas-device,"An integrated device for oil and gas and mining sites, certified for EX Zone 1/21 and Class 1 Division 1. It supports worker safety, monitoring, maintenance, secure communications, and an emergency distress-button alarm over LTE and 5G SA.",746,false,PASS,verticals,8,Oil & Gas,0.86,true,0.98,network_technologies | use_cases | form_factors | verticals,wifi_type:0.03 | bluetooth:0.02 | esim:0.03 | feature_3gpp:0.07 | network_technologies:0.96 | use_cases:0.97 | form_factors:0.85 | verticals:0.98 | device_types:0.26,
hazardous-oil-gas-device,"An integrated device for oil and gas and mining sites, certified for EX Zone 1/21 and Class 1 Division 1. It supports worker safety, monitoring, maintenance, secure communications, and an emergency distress-button alarm over LTE and 5G SA.",746,false,PASS,verticals,13,Mining,0.93,true,0.98,network_technologies | use_cases | form_factors | verticals,wifi_type:0.03 | bluetooth:0.02 | esim:0.03 | feature_3gpp:0.07 | network_technologies:0.96 | use_cases:0.97 | form_factors:0.85 | verticals:0.98 | device_types:0.26,
public-safety-handheld,"A public-safety handheld with WiFi 6, Bluetooth 5.3, LTE, 5G SA, VoLTE, VoWi-Fi, and VoNR. It supports secure communications, tactical communications bubble, emergency coordination, emergency incident reporting, geolocation, and cross-unit collaboration.",828,false,PASS,wifi_type,4,WiFi 6 (802.11ax),0.81,true,0.97,wifi_type | bluetooth | network_technologies | use_cases | form_factors | verticals | device_types,wifi_type:0.97 | bluetooth:0.98 | esim:0.03 | feature_3gpp:0.06 | network_technologies:0.98 | use_cases:0.96 | form_factors:0.74 | verticals:0.97 | device_types:0.88,
public-safety-handheld,"A public-safety handheld with WiFi 6, Bluetooth 5.3, LTE, 5G SA, VoLTE, VoWi-Fi, and VoNR. It supports secure communications, tactical communications bubble, emergency coordination, emergency incident reporting, geolocation, and cross-unit collaboration.",828,false,PASS,bluetooth,10,5.3,0.95,true,0.98,wifi_type | bluetooth | network_technologies | use_cases | form_factors | verticals | device_types,wifi_type:0.97 | bluetooth:0.98 | esim:0.03 | feature_3gpp:0.06 | network_technologies:0.98 | use_cases:0.96 | form_factors:0.74 | verticals:0.97 | device_types:0.88,
public-safety-handheld,"A public-safety handheld with WiFi 6, Bluetooth 5.3, LTE, 5G SA, VoLTE, VoWi-Fi, and VoNR. It supports secure communications, tactical communications bubble, emergency coordination, emergency incident reporting, geolocation, and cross-unit collaboration.",828,false,PASS,network_technologies,5,LTE,0.95,true,0.98,wifi_type | bluetooth | network_technologies | use_cases | form_factors | verticals | device_types,wifi_type:0.97 | bluetooth:0.98 | esim:0.03 | feature_3gpp:0.06 | network_technologies:0.98 | use_cases:0.96 | form_factors:0.74 | verticals:0.97 | device_types:0.88,
public-safety-handheld,"A public-safety handheld with WiFi 6, Bluetooth 5.3, LTE, 5G SA, VoLTE, VoWi-Fi, and VoNR. It supports secure communications, tactical communications bubble, emergency coordination, emergency incident reporting, geolocation, and cross-unit collaboration.",828,false,PASS,network_technologies,14,5G SA,0.96,true,0.98,wifi_type | bluetooth | network_technologies | use_cases | form_factors | verticals | device_types,wifi_type:0.97 | bluetooth:0.98 | esim:0.03 | feature_3gpp:0.06 | network_technologies:0.98 | use_cases:0.96 | form_factors:0.74 | verticals:0.97 | device_types:0.88,
public-safety-handheld,"A public-safety handheld with WiFi 6, Bluetooth 5.3, LTE, 5G SA, VoLTE, VoWi-Fi, and VoNR. It supports secure communications, tactical communications bubble, emergency coordination, emergency incident reporting, geolocation, and cross-unit collaboration.",828,false,PASS,network_technologies,8,VoLTE,0.94,true,0.98,wifi_type | bluetooth | network_technologies | use_cases | form_factors | verticals | device_types,wifi_type:0.97 | bluetooth:0.98 | esim:0.03 | feature_3gpp:0.06 | network_technologies:0.98 | use_cases:0.96 | form_factors:0.74 | verticals:0.97 | device_types:0.88,
public-safety-handheld,"A public-safety handheld with WiFi 6, Bluetooth 5.3, LTE, 5G SA, VoLTE, VoWi-Fi, and VoNR. It supports secure communications, tactical communications bubble, emergency coordination, emergency incident reporting, geolocation, and cross-unit collaboration.",828,false,PASS,network_technologies,9,VoWi-Fi,0.86,true,0.98,wifi_type | bluetooth | network_technologies | use_cases | form_factors | verticals | device_types,wifi_type:0.97 | bluetooth:0.98 | esim:0.03 | feature_3gpp:0.06 | network_technologies:0.98 | use_cases:0.96 | form_factors:0.74 | verticals:0.97 | device_types:0.88,
public-safety-handheld,"A public-safety handheld with WiFi 6, Bluetooth 5.3, LTE, 5G SA, VoLTE, VoWi-Fi, and VoNR. It supports secure communications, tactical communications bubble, emergency coordination, emergency incident reporting, geolocation, and cross-unit collaboration.",828,false,PASS,network_technologies,22,VoNR,0.91,true,0.98,wifi_type | bluetooth | network_technologies | use_cases | form_factors | verticals | device_types,wifi_type:0.97 | bluetooth:0.98 | esim:0.03 | feature_3gpp:0.06 | network_technologies:0.98 | use_cases:0.96 | form_factors:0.74 | verticals:0.97 | device_types:0.88,
public-safety-handheld,"A public-safety handheld with WiFi 6, Bluetooth 5.3, LTE, 5G SA, VoLTE, VoWi-Fi, and VoNR. It supports secure communications, tactical communications bubble, emergency coordination, emergency incident reporting, geolocation, and cross-unit collaboration.",828,false,PASS,use_cases,38,Secure communications,0.95,true,0.96,wifi_type | bluetooth | network_technologies | use_cases | form_factors | verticals | device_types,wifi_type:0.97 | bluetooth:0.98 | esim:0.03 | feature_3gpp:0.06 | network_technologies:0.98 | use_cases:0.96 | form_factors:0.74 | verticals:0.97 | device_types:0.88,
public-safety-handheld,"A public-safety handheld with WiFi 6, Bluetooth 5.3, LTE, 5G SA, VoLTE, VoWi-Fi, and VoNR. It supports secure communications, tactical communications bubble, emergency coordination, emergency incident reporting, geolocation, and cross-unit collaboration.",828,false,PASS,use_cases,45,Tactical communications bubble,0.91,true,0.96,wifi_type | bluetooth | network_technologies | use_cases | form_factors | verticals | device_types,wifi_type:0.97 | bluetooth:0.98 | esim:0.03 | feature_3gpp:0.06 | network_technologies:0.98 | use_cases:0.96 | form_factors:0.74 | verticals:0.97 | device_types:0.88,
public-safety-handheld,"A public-safety handheld with WiFi 6, Bluetooth 5.3, LTE, 5G SA, VoLTE, VoWi-Fi, and VoNR. It supports secure communications, tactical communications bubble, emergency coordination, emergency incident reporting, geolocation, and cross-unit collaboration.",828,false,PASS,use_cases,47,Emergency coordination,0.96,true,0.96,wifi_type | bluetooth | network_technologies | use_cases | form_factors | verticals | device_types,wifi_type:0.97 | bluetooth:0.98 | esim:0.03 | feature_3gpp:0.06 | network_technologies:0.98 | use_cases:0.96 | form_factors:0.74 | verticals:0.97 | device_types:0.88,
public-safety-handheld,"A public-safety handheld with WiFi 6, Bluetooth 5.3, LTE, 5G SA, VoLTE, VoWi-Fi, and VoNR. It supports secure communications, tactical communications bubble, emergency coordination, emergency incident reporting, geolocation, and cross-unit collaboration.",828,false,PASS,use_cases,41,Emergency Incident reporting,0.93,true,0.96,wifi_type | bluetooth | network_technologies | use_cases | form_factors | verticals | device_types,wifi_type:0.97 | bluetooth:0.98 | esim:0.03 | feature_3gpp:0.06 | network_technologies:0.98 | use_cases:0.96 | form_factors:0.74 | verticals:0.97 | device_types:0.88,
public-safety-handheld,"A public-safety handheld with WiFi 6, Bluetooth 5.3, LTE, 5G SA, VoLTE, VoWi-Fi, and VoNR. It supports secure communications, tactical communications bubble, emergency coordination, emergency incident reporting, geolocation, and cross-unit collaboration.",828,false,PASS,use_cases,43,Geolocation,0.94,true,0.96,wifi_type | bluetooth | network_technologies | use_cases | form_factors | verticals | device_types,wifi_type:0.97 | bluetooth:0.98 | esim:0.03 | feature_3gpp:0.06 | network_technologies:0.98 | use_cases:0.96 | form_factors:0.74 | verticals:0.97 | device_types:0.88,
public-safety-handheld,"A public-safety handheld with WiFi 6, Bluetooth 5.3, LTE, 5G SA, VoLTE, VoWi-Fi, and VoNR. It supports secure communications, tactical communications bubble, emergency coordination, emergency incident reporting, geolocation, and cross-unit collaboration.",828,false,MISSING,use_cases,42,Cross unit control and collaboration,0.66,true,0.96,wifi_type | bluetooth | network_technologies | use_cases | form_factors | verticals | device_types,wifi_type:0.97 | bluetooth:0.98 | esim:0.03 | feature_3gpp:0.06 | network_technologies:0.98 | use_cases:0.96 | form_factors:0.74 | verticals:0.97 | device_types:0.88,
public-safety-handheld,"A public-safety handheld with WiFi 6, Bluetooth 5.3, LTE, 5G SA, VoLTE, VoWi-Fi, and VoNR. It supports secure communications, tactical communications bubble, emergency coordination, emergency incident reporting, geolocation, and cross-unit collaboration.",828,false,PASS,verticals,25,Public Safety,0.94,true,0.97,wifi_type | bluetooth | network_technologies | use_cases | form_factors | verticals | device_types,wifi_type:0.97 | bluetooth:0.98 | esim:0.03 | feature_3gpp:0.06 | network_technologies:0.98 | use_cases:0.96 | form_factors:0.74 | verticals:0.97 | device_types:0.88,
public-safety-handheld,"A public-safety handheld with WiFi 6, Bluetooth 5.3, LTE, 5G SA, VoLTE, VoWi-Fi, and VoNR. It supports secure communications, tactical communications bubble, emergency coordination, emergency incident reporting, geolocation, and cross-unit collaboration.",828,false,MISSING,device_types,2,Handhelds & Wearables,0.7,true,0.88,wifi_type | bluetooth | network_technologies | use_cases | form_factors | verticals | device_types,wifi_type:0.97 | bluetooth:0.98 | esim:0.03 | feature_3gpp:0.06 | network_technologies:0.98 | use_cases:0.96 | form_factors:0.74 | verticals:0.97 | device_types:0.88,
media-streaming-tablet,"A media tablet for venues with WiFi 7, Bluetooth 5.4, 5G NSA and 5G SA. It supports 5G livestreaming, video streaming, eMBMS, real-time data, and media applications.",825,false,PASS,wifi_type,5,WiFi 7 (802.11be),0.8,true,0.98,wifi_type | bluetooth | network_technologies | use_cases | form_factors | device_types,wifi_type:0.98 | bluetooth:0.97 | esim:0.03 | feature_3gpp:0.09 | network_technologies:0.95 | use_cases:0.93 | form_factors:0.94 | verticals:0.42 | device_types:0.93,
media-streaming-tablet,"A media tablet for venues with WiFi 7, Bluetooth 5.4, 5G NSA and 5G SA. It supports 5G livestreaming, video streaming, eMBMS, real-time data, and media applications.",825,false,PASS,bluetooth,9,5.4,0.93,true,0.97,wifi_type | bluetooth | network_technologies | use_cases | form_factors | device_types,wifi_type:0.98 | bluetooth:0.97 | esim:0.03 | feature_3gpp:0.09 | network_technologies:0.95 | use_cases:0.93 | form_factors:0.94 | verticals:0.42 | device_types:0.93,
media-streaming-tablet,"A media tablet for venues with WiFi 7, Bluetooth 5.4, 5G NSA and 5G SA. It supports 5G livestreaming, video streaming, eMBMS, real-time data, and media applications.",825,false,PASS,network_technologies,12,5G NSA,0.94,true,0.95,wifi_type | bluetooth | network_technologies | use_cases | form_factors | device_types,wifi_type:0.98 | bluetooth:0.97 | esim:0.03 | feature_3gpp:0.09 | network_technologies:0.95 | use_cases:0.93 | form_factors:0.94 | verticals:0.42 | device_types:0.93,
media-streaming-tablet,"A media tablet for venues with WiFi 7, Bluetooth 5.4, 5G NSA and 5G SA. It supports 5G livestreaming, video streaming, eMBMS, real-time data, and media applications.",825,false,PASS,network_technologies,14,5G SA,0.95,true,0.95,wifi_type | bluetooth | network_technologies | use_cases | form_factors | device_types,wifi_type:0.98 | bluetooth:0.97 | esim:0.03 | feature_3gpp:0.09 | network_technologies:0.95 | use_cases:0.93 | form_factors:0.94 | verticals:0.42 | device_types:0.93,
media-streaming-tablet,"A media tablet for venues with WiFi 7, Bluetooth 5.4, 5G NSA and 5G SA. It supports 5G livestreaming, video streaming, eMBMS, real-time data, and media applications.",825,false,PASS,use_cases,36,5G Livestreaming,0.84,true,0.93,wifi_type | bluetooth | network_technologies | use_cases | form_factors | device_types,wifi_type:0.98 | bluetooth:0.97 | esim:0.03 | feature_3gpp:0.09 | network_technologies:0.95 | use_cases:0.93 | form_factors:0.94 | verticals:0.42 | device_types:0.93,
media-streaming-tablet,"A media tablet for venues with WiFi 7, Bluetooth 5.4, 5G NSA and 5G SA. It supports 5G livestreaming, video streaming, eMBMS, real-time data, and media applications.",825,false,PASS,use_cases,40,Video streaming,0.94,true,0.93,wifi_type | bluetooth | network_technologies | use_cases | form_factors | device_types,wifi_type:0.98 | bluetooth:0.97 | esim:0.03 | feature_3gpp:0.09 | network_technologies:0.95 | use_cases:0.93 | form_factors:0.94 | verticals:0.42 | device_types:0.93,
media-streaming-tablet,"A media tablet for venues with WiFi 7, Bluetooth 5.4, 5G NSA and 5G SA. It supports 5G livestreaming, video streaming, eMBMS, real-time data, and media applications.",825,false,PASS,use_cases,44,eMBMS (Evolved Multimedia Broadcast Multicast Services),0.78,true,0.93,wifi_type | bluetooth | network_technologies | use_cases | form_factors | device_types,wifi_type:0.98 | bluetooth:0.97 | esim:0.03 | feature_3gpp:0.09 | network_technologies:0.95 | use_cases:0.93 | form_factors:0.94 | verticals:0.42 | device_types:0.93,
media-streaming-tablet,"A media tablet for venues with WiFi 7, Bluetooth 5.4, 5G NSA and 5G SA. It supports 5G livestreaming, video streaming, eMBMS, real-time data, and media applications.",825,false,PASS,use_cases,1,Real-Time Data,0.89,true,0.93,wifi_type | bluetooth | network_technologies | use_cases | form_factors | device_types,wifi_type:0.98 | bluetooth:0.97 | esim:0.03 | feature_3gpp:0.09 | network_technologies:0.95 | use_cases:0.93 | form_factors:0.94 | verticals:0.42 | device_types:0.93,
media-streaming-tablet,"A media tablet for venues with WiFi 7, Bluetooth 5.4, 5G NSA and 5G SA. It supports 5G livestreaming, video streaming, eMBMS, real-time data, and media applications.",825,false,PASS,use_cases,35,Media,0.81,true,0.93,wifi_type | bluetooth | network_technologies | use_cases | form_factors | device_types,wifi_type:0.98 | bluetooth:0.97 | esim:0.03 | feature_3gpp:0.09 | network_technologies:0.95 | use_cases:0.93 | form_factors:0.94 | verticals:0.42 | device_types:0.93,
media-streaming-tablet,"A media tablet for venues with WiFi 7, Bluetooth 5.4, 5G NSA and 5G SA. It supports 5G livestreaming, video streaming, eMBMS, real-time data, and media applications.",825,false,PASS,form_factors,10,Tablet,0.96,true,0.94,wifi_type | bluetooth | network_technologies | use_cases | form_factors | device_types,wifi_type:0.98 | bluetooth:0.97 | esim:0.03 | feature_3gpp:0.09 | network_technologies:0.95 | use_cases:0.93 | form_factors:0.94 | verticals:0.42 | device_types:0.93,
media-streaming-tablet,"A media tablet for venues with WiFi 7, Bluetooth 5.4, 5G NSA and 5G SA. It supports 5G livestreaming, video streaming, eMBMS, real-time data, and media applications.",825,false,MISSING,verticals,18,Venues,,false,0.42,wifi_type | bluetooth | network_technologies | use_cases | form_factors | device_types,wifi_type:0.98 | bluetooth:0.97 | esim:0.03 | feature_3gpp:0.09 | network_technologies:0.95 | use_cases:0.93 | form_factors:0.94 | verticals:0.42 | device_types:0.93,
media-streaming-tablet,"A media tablet for venues with WiFi 7, Bluetooth 5.4, 5G NSA and 5G SA. It supports 5G livestreaming, video streaming, eMBMS, real-time data, and media applications.",825,false,MISSING,verticals,19,Media,,false,0.42,wifi_type | bluetooth | network_technologies | use_cases | form_factors | device_types,wifi_type:0.98 | bluetooth:0.97 | esim:0.03 | feature_3gpp:0.09 | network_technologies:0.95 | use_cases:0.93 | form_factors:0.94 | verticals:0.42 | device_types:0.93,
utilities-meter,"An integrated utilities meter and IoT sensor using M2M SGP.02 eSIM, LTE-M and NB-IoT. It supports real-time data, utilities monitoring, maintenance, and remote operation for energy plants.",734,false,PASS,esim,2,M2M (SGP.02),0.89,true,0.99,esim | network_technologies | use_cases | verticals | device_types,wifi_type:0.02 | bluetooth:0.02 | esim:0.99 | feature_3gpp:0.07 | network_technologies:0.98 | use_cases:0.98 | form_factors:0.38 | verticals:0.87 | device_types:0.93,
utilities-meter,"An integrated utilities meter and IoT sensor using M2M SGP.02 eSIM, LTE-M and NB-IoT. It supports real-time data, utilities monitoring, maintenance, and remote operation for energy plants.",734,false,PASS,network_technologies,4,LTE-M,0.95,true,0.98,esim | network_technologies | use_cases | verticals | device_types,wifi_type:0.02 | bluetooth:0.02 | esim:0.99 | feature_3gpp:0.07 | network_technologies:0.98 | use_cases:0.98 | form_factors:0.38 | verticals:0.87 | device_types:0.93,
utilities-meter,"An integrated utilities meter and IoT sensor using M2M SGP.02 eSIM, LTE-M and NB-IoT. It supports real-time data, utilities monitoring, maintenance, and remote operation for energy plants.",734,false,PASS,network_technologies,10,NB-IoT,0.93,true,0.98,esim | network_technologies | use_cases | verticals | device_types,wifi_type:0.02 | bluetooth:0.02 | esim:0.99 | feature_3gpp:0.07 | network_technologies:0.98 | use_cases:0.98 | form_factors:0.38 | verticals:0.87 | device_types:0.93,
utilities-meter,"An integrated utilities meter and IoT sensor using M2M SGP.02 eSIM, LTE-M and NB-IoT. It supports real-time data, utilities monitoring, maintenance, and remote operation for energy plants.",734,false,PASS,use_cases,1,Real-Time Data,0.79,true,0.98,esim | network_technologies | use_cases | verticals | device_types,wifi_type:0.02 | bluetooth:0.02 | esim:0.99 | feature_3gpp:0.07 | network_technologies:0.98 | use_cases:0.98 | form_factors:0.38 | verticals:0.87 | device_types:0.93,
utilities-meter,"An integrated utilities meter and IoT sensor using M2M SGP.02 eSIM, LTE-M and NB-IoT. It supports real-time data, utilities monitoring, maintenance, and remote operation for energy plants.",734,false,PASS,use_cases,12,Utilities,0.84,true,0.98,esim | network_technologies | use_cases | verticals | device_types,wifi_type:0.02 | bluetooth:0.02 | esim:0.99 | feature_3gpp:0.07 | network_technologies:0.98 | use_cases:0.98 | form_factors:0.38 | verticals:0.87 | device_types:0.93,
utilities-meter,"An integrated utilities meter and IoT sensor using M2M SGP.02 eSIM, LTE-M and NB-IoT. It supports real-time data, utilities monitoring, maintenance, and remote operation for energy plants.",734,false,PASS,use_cases,21,Monitoring,0.84,true,0.98,esim | network_technologies | use_cases | verticals | device_types,wifi_type:0.02 | bluetooth:0.02 | esim:0.99 | feature_3gpp:0.07 | network_technologies:0.98 | use_cases:0.98 | form_factors:0.38 | verticals:0.87 | device_types:0.93,
utilities-meter,"An integrated utilities meter and IoT sensor using M2M SGP.02 eSIM, LTE-M and NB-IoT. It supports real-time data, utilities monitoring, maintenance, and remote operation for energy plants.",734,false,PASS,use_cases,22,Maintenance,0.9,true,0.98,esim | network_technologies | use_cases | verticals | device_types,wifi_type:0.02 | bluetooth:0.02 | esim:0.99 | feature_3gpp:0.07 | network_technologies:0.98 | use_cases:0.98 | form_factors:0.38 | verticals:0.87 | device_types:0.93,
utilities-meter,"An integrated utilities meter and IoT sensor using M2M SGP.02 eSIM, LTE-M and NB-IoT. It supports real-time data, utilities monitoring, maintenance, and remote operation for energy plants.",734,false,PASS,use_cases,23,Remote operation,0.94,true,0.98,esim | network_technologies | use_cases | verticals | device_types,wifi_type:0.02 | bluetooth:0.02 | esim:0.99 | feature_3gpp:0.07 | network_technologies:0.98 | use_cases:0.98 | form_factors:0.38 | verticals:0.87 | device_types:0.93,
utilities-meter,"An integrated utilities meter and IoT sensor using M2M SGP.02 eSIM, LTE-M and NB-IoT. It supports real-time data, utilities monitoring, maintenance, and remote operation for energy plants.",734,false,MISSING,form_factors,6,Integrated Device,,false,0.38,esim | network_technologies | use_cases | verticals | device_types,wifi_type:0.02 | bluetooth:0.02 | esim:0.99 | feature_3gpp:0.07 | network_technologies:0.98 | use_cases:0.98 | form_factors:0.38 | verticals:0.87 | device_types:0.93,
utilities-meter,"An integrated utilities meter and IoT sensor using M2M SGP.02 eSIM, LTE-M and NB-IoT. It supports real-time data, utilities monitoring, maintenance, and remote operation for energy plants.",734,false,PASS,verticals,23,Utilities,0.9,true,0.87,esim | network_technologies | use_cases | verticals | device_types,wifi_type:0.02 | bluetooth:0.02 | esim:0.99 | feature_3gpp:0.07 | network_technologies:0.98 | use_cases:0.98 | form_factors:0.38 | verticals:0.87 | device_types:0.93,
utilities-meter,"An integrated utilities meter and IoT sensor using M2M SGP.02 eSIM, LTE-M and NB-IoT. It supports real-time data, utilities monitoring, maintenance, and remote operation for energy plants.",734,false,PASS,verticals,17,Energy Plants,0.89,true,0.87,esim | network_technologies | use_cases | verticals | device_types,wifi_type:0.02 | bluetooth:0.02 | esim:0.99 | feature_3gpp:0.07 | network_technologies:0.98 | use_cases:0.98 | form_factors:0.38 | verticals:0.87 | device_types:0.93,
utilities-meter,"An integrated utilities meter and IoT sensor using M2M SGP.02 eSIM, LTE-M and NB-IoT. It supports real-time data, utilities monitoring, maintenance, and remote operation for energy plants.",734,false,MISSING,device_types,14,Sensors & Actuators,0.64,true,0.93,esim | network_technologies | use_cases | verticals | device_types,wifi_type:0.02 | bluetooth:0.02 | esim:0.99 | feature_3gpp:0.07 | network_technologies:0.98 | use_cases:0.98 | form_factors:0.38 | verticals:0.87 | device_types:0.93,
smart-building-security,"A smart-building gateway with WiFi 6, Bluetooth 5.2, LTE, and VoLTE. It handles smart building automation, physical security and access control, video surveillance, monitoring, and emergency alarms.",901,false,PASS,wifi_type,4,WiFi 6 (802.11ax),0.79,true,0.97,wifi_type | bluetooth | network_technologies | use_cases | verticals | device_types,wifi_type:0.97 | bluetooth:0.96 | esim:0.03 | feature_3gpp:0.04 | network_technologies:0.96 | use_cases:0.98 | form_factors:0.09 | verticals:0.78 | device_types:0.97,
smart-building-security,"A smart-building gateway with WiFi 6, Bluetooth 5.2, LTE, and VoLTE. It handles smart building automation, physical security and access control, video surveillance, monitoring, and emergency alarms.",901,false,PASS,bluetooth,8,5.2,0.93,true,0.96,wifi_type | bluetooth | network_technologies | use_cases | verticals | device_types,wifi_type:0.97 | bluetooth:0.96 | esim:0.03 | feature_3gpp:0.04 | network_technologies:0.96 | use_cases:0.98 | form_factors:0.09 | verticals:0.78 | device_types:0.97,
smart-building-security,"A smart-building gateway with WiFi 6, Bluetooth 5.2, LTE, and VoLTE. It handles smart building automation, physical security and access control, video surveillance, monitoring, and emergency alarms.",901,false,PASS,network_technologies,5,LTE,0.96,true,0.96,wifi_type | bluetooth | network_technologies | use_cases | verticals | device_types,wifi_type:0.97 | bluetooth:0.96 | esim:0.03 | feature_3gpp:0.04 | network_technologies:0.96 | use_cases:0.98 | form_factors:0.09 | verticals:0.78 | device_types:0.97,
smart-building-security,"A smart-building gateway with WiFi 6, Bluetooth 5.2, LTE, and VoLTE. It handles smart building automation, physical security and access control, video surveillance, monitoring, and emergency alarms.",901,false,PASS,network_technologies,8,VoLTE,0.92,true,0.96,wifi_type | bluetooth | network_technologies | use_cases | verticals | device_types,wifi_type:0.97 | bluetooth:0.96 | esim:0.03 | feature_3gpp:0.04 | network_technologies:0.96 | use_cases:0.98 | form_factors:0.09 | verticals:0.78 | device_types:0.97,
smart-building-security,"A smart-building gateway with WiFi 6, Bluetooth 5.2, LTE, and VoLTE. It handles smart building automation, physical security and access control, video surveillance, monitoring, and emergency alarms.",901,false,PASS,use_cases,5,Smart Buildings,0.86,true,0.98,wifi_type | bluetooth | network_technologies | use_cases | verticals | device_types,wifi_type:0.97 | bluetooth:0.96 | esim:0.03 | feature_3gpp:0.04 | network_technologies:0.96 | use_cases:0.98 | form_factors:0.09 | verticals:0.78 | device_types:0.97,
smart-building-security,"A smart-building gateway with WiFi 6, Bluetooth 5.2, LTE, and VoLTE. It handles smart building automation, physical security and access control, video surveillance, monitoring, and emergency alarms.",901,false,PASS,use_cases,37,Physical security and access control,0.96,true,0.98,wifi_type | bluetooth | network_technologies | use_cases | verticals | device_types,wifi_type:0.97 | bluetooth:0.96 | esim:0.03 | feature_3gpp:0.04 | network_technologies:0.96 | use_cases:0.98 | form_factors:0.09 | verticals:0.78 | device_types:0.97,
smart-building-security,"A smart-building gateway with WiFi 6, Bluetooth 5.2, LTE, and VoLTE. It handles smart building automation, physical security and access control, video surveillance, monitoring, and emergency alarms.",901,false,PASS,use_cases,28,Video Surveillance,0.94,true,0.98,wifi_type | bluetooth | network_technologies | use_cases | verticals | device_types,wifi_type:0.97 | bluetooth:0.96 | esim:0.03 | feature_3gpp:0.04 | network_technologies:0.96 | use_cases:0.98 | form_factors:0.09 | verticals:0.78 | device_types:0.97,
smart-building-security,"A smart-building gateway with WiFi 6, Bluetooth 5.2, LTE, and VoLTE. It handles smart building automation, physical security and access control, video surveillance, monitoring, and emergency alarms.",901,false,PASS,use_cases,21,Monitoring,0.92,true,0.98,wifi_type | bluetooth | network_technologies | use_cases | verticals | device_types,wifi_type:0.97 | bluetooth:0.96 | esim:0.03 | feature_3gpp:0.04 | network_technologies:0.96 | use_cases:0.98 | form_factors:0.09 | verticals:0.78 | device_types:0.97,
smart-building-security,"A smart-building gateway with WiFi 6, Bluetooth 5.2, LTE, and VoLTE. It handles smart building automation, physical security and access control, video surveillance, monitoring, and emergency alarms.",901,false,MISSING,use_cases,39,Emergency alarm via distress button,0.16,true,0.98,wifi_type | bluetooth | network_technologies | use_cases | verticals | device_types,wifi_type:0.97 | bluetooth:0.96 | esim:0.03 | feature_3gpp:0.04 | network_technologies:0.96 | use_cases:0.98 | form_factors:0.09 | verticals:0.78 | device_types:0.97,
smart-building-security,"A smart-building gateway with WiFi 6, Bluetooth 5.2, LTE, and VoLTE. It handles smart building automation, physical security and access control, video surveillance, monitoring, and emergency alarms.",901,false,PASS,verticals,5,Smart Buildings,0.92,true,0.78,wifi_type | bluetooth | network_technologies | use_cases | verticals | device_types,wifi_type:0.97 | bluetooth:0.96 | esim:0.03 | feature_3gpp:0.04 | network_technologies:0.96 | use_cases:0.98 | form_factors:0.09 | verticals:0.78 | device_types:0.97,
smart-building-security,"A smart-building gateway with WiFi 6, Bluetooth 5.2, LTE, and VoLTE. It handles smart building automation, physical security and access control, video surveillance, monitoring, and emergency alarms.",901,false,MISSING,device_types,7,Gateway & Dongles,0.72,true,0.97,wifi_type | bluetooth | network_technologies | use_cases | verticals | device_types,wifi_type:0.97 | bluetooth:0.96 | esim:0.03 | feature_3gpp:0.04 | network_technologies:0.96 | use_cases:0.98 | form_factors:0.09 | verticals:0.78 | device_types:0.97,
smart-building-security,"A smart-building gateway with WiFi 6, Bluetooth 5.2, LTE, and VoLTE. It handles smart building automation, physical security and access control, video surveillance, monitoring, and emergency alarms.",901,false,EXTRA,use_cases,13,Security,0.78,true,0.98,wifi_type | bluetooth | network_technologies | use_cases | verticals | device_types,wifi_type:0.97 | bluetooth:0.96 | esim:0.03 | feature_3gpp:0.04 | network_technologies:0.96 | use_cases:0.98 | form_factors:0.09 | verticals:0.78 | device_types:0.97,
mining-safety-wearable,"A mining wearable with Bluetooth LE 5.2, LTE-M, 5G RedCap, and Release 18. It supports worker safety, positioning and tracking, geolocation, monitoring, secure communications, and emergency distress-button alarms.",997,true,PASS,bluetooth,31,LE 5.2,0.93,true,0.98,bluetooth | feature_3gpp | network_technologies | use_cases | form_factors | verticals | device_types,wifi_type:0.03 | bluetooth:0.98 | esim:0.03 | feature_3gpp:0.96 | network_technologies:0.97 | use_cases:0.98 | form_factors:0.52 | verticals:0.95 | device_types:0.86,
mining-safety-wearable,"A mining wearable with Bluetooth LE 5.2, LTE-M, 5G RedCap, and Release 18. It supports worker safety, positioning and tracking, geolocation, monitoring, secure communications, and emergency distress-button alarms.",997,true,PASS,feature_3gpp,3,Release 18,0.92,true,0.96,bluetooth | feature_3gpp | network_technologies | use_cases | form_factors | verticals | device_types,wifi_type:0.03 | bluetooth:0.98 | esim:0.03 | feature_3gpp:0.96 | network_technologies:0.97 | use_cases:0.98 | form_factors:0.52 | verticals:0.95 | device_types:0.86,
mining-safety-wearable,"A mining wearable with Bluetooth LE 5.2, LTE-M, 5G RedCap, and Release 18. It supports worker safety, positioning and tracking, geolocation, monitoring, secure communications, and emergency distress-button alarms.",997,true,PASS,network_technologies,4,LTE-M,0.95,true,0.97,bluetooth | feature_3gpp | network_technologies | use_cases | form_factors | verticals | device_types,wifi_type:0.03 | bluetooth:0.98 | esim:0.03 | feature_3gpp:0.96 | network_technologies:0.97 | use_cases:0.98 | form_factors:0.52 | verticals:0.95 | device_types:0.86,
mining-safety-wearable,"A mining wearable with Bluetooth LE 5.2, LTE-M, 5G RedCap, and Release 18. It supports worker safety, positioning and tracking, geolocation, monitoring, secure communications, and emergency distress-button alarms.",997,true,PASS,network_technologies,18,5G RedCap (NR-Lite),0.85,true,0.97,bluetooth | feature_3gpp | network_technologies | use_cases | form_factors | verticals | device_types,wifi_type:0.03 | bluetooth:0.98 | esim:0.03 | feature_3gpp:0.96 | network_technologies:0.97 | use_cases:0.98 | form_factors:0.52 | verticals:0.95 | device_types:0.86,
mining-safety-wearable,"A mining wearable with Bluetooth LE 5.2, LTE-M, 5G RedCap, and Release 18. It supports worker safety, positioning and tracking, geolocation, monitoring, secure communications, and emergency distress-button alarms.",997,true,PASS,use_cases,24,Worker Safety,0.89,true,0.98,bluetooth | feature_3gpp | network_technologies | use_cases | form_factors | verticals | device_types,wifi_type:0.03 | bluetooth:0.98 | esim:0.03 | feature_3gpp:0.96 | network_technologies:0.97 | use_cases:0.98 | form_factors:0.52 | verticals:0.95 | device_types:0.86,
mining-safety-wearable,"A mining wearable with Bluetooth LE 5.2, LTE-M, 5G RedCap, and Release 18. It supports worker safety, positioning and tracking, geolocation, monitoring, secure communications, and emergency distress-button alarms.",997,true,PASS,use_cases,14,Positioning and Tracking,0.96,true,0.98,bluetooth | feature_3gpp | network_technologies | use_cases | form_factors | verticals | device_types,wifi_type:0.03 | bluetooth:0.98 | esim:0.03 | feature_3gpp:0.96 | network_technologies:0.97 | use_cases:0.98 | form_factors:0.52 | verticals:0.95 | device_types:0.86,
mining-safety-wearable,"A mining wearable with Bluetooth LE 5.2, LTE-M, 5G RedCap, and Release 18. It supports worker safety, positioning and tracking, geolocation, monitoring, secure communications, and emergency distress-button alarms.",997,true,PASS,use_cases,43,Geolocation,0.94,true,0.98,bluetooth | feature_3gpp | network_technologies | use_cases | form_factors | verticals | device_types,wifi_type:0.03 | bluetooth:0.98 | esim:0.03 | feature_3gpp:0.96 | network_technologies:0.97 | use_cases:0.98 | form_factors:0.52 | verticals:0.95 | device_types:0.86,
mining-safety-wearable,"A mining wearable with Bluetooth LE 5.2, LTE-M, 5G RedCap, and Release 18. It supports worker safety, positioning and tracking, geolocation, monitoring, secure communications, and emergency distress-button alarms.",997,true,PASS,use_cases,21,Monitoring,0.94,true,0.98,bluetooth | feature_3gpp | network_technologies | use_cases | form_factors | verticals | device_types,wifi_type:0.03 | bluetooth:0.98 | esim:0.03 | feature_3gpp:0.96 | network_technologies:0.97 | use_cases:0.98 | form_factors:0.52 | verticals:0.95 | device_types:0.86,
mining-safety-wearable,"A mining wearable with Bluetooth LE 5.2, LTE-M, 5G RedCap, and Release 18. It supports worker safety, positioning and tracking, geolocation, monitoring, secure communications, and emergency distress-button alarms.",997,true,PASS,use_cases,38,Secure communications,0.95,true,0.98,bluetooth | feature_3gpp | network_technologies | use_cases | form_factors | verticals | device_types,wifi_type:0.03 | bluetooth:0.98 | esim:0.03 | feature_3gpp:0.96 | network_technologies:0.97 | use_cases:0.98 | form_factors:0.52 | verticals:0.95 | device_types:0.86,
mining-safety-wearable,"A mining wearable with Bluetooth LE 5.2, LTE-M, 5G RedCap, and Release 18. It supports worker safety, positioning and tracking, geolocation, monitoring, secure communications, and emergency distress-button alarms.",997,true,PASS,use_cases,39,Emergency alarm via distress button,0.88,true,0.98,bluetooth | feature_3gpp | network_technologies | use_cases | form_factors | verticals | device_types,wifi_type:0.03 | bluetooth:0.98 | esim:0.03 | feature_3gpp:0.96 | network_technologies:0.97 | use_cases:0.98 | form_factors:0.52 | verticals:0.95 | device_types:0.86,
mining-safety-wearable,"A mining wearable with Bluetooth LE 5.2, LTE-M, 5G RedCap, and Release 18. It supports worker safety, positioning and tracking, geolocation, monitoring, secure communications, and emergency distress-button alarms.",997,true,PASS,verticals,13,Mining,0.96,true,0.95,bluetooth | feature_3gpp | network_technologies | use_cases | form_factors | verticals | device_types,wifi_type:0.03 | bluetooth:0.98 | esim:0.03 | feature_3gpp:0.96 | network_technologies:0.97 | use_cases:0.98 | form_factors:0.52 | verticals:0.95 | device_types:0.86,
mining-safety-wearable,"A mining wearable with Bluetooth LE 5.2, LTE-M, 5G RedCap, and Release 18. It supports worker safety, positioning and tracking, geolocation, monitoring, secure communications, and emergency distress-button alarms.",997,true,PASS,device_types,2,Handhelds & Wearables,0.83,true,0.86,bluetooth | feature_3gpp | network_technologies | use_cases | form_factors | verticals | device_types,wifi_type:0.03 | bluetooth:0.98 | esim:0.03 | feature_3gpp:0.96 | network_technologies:0.97 | use_cases:0.98 | form_factors:0.52 | verticals:0.95 | device_types:0.86,
mining-safety-wearable,"A mining wearable with Bluetooth LE 5.2, LTE-M, 5G RedCap, and Release 18. It supports worker safety, positioning and tracking, geolocation, monitoring, secure communications, and emergency distress-button alarms.",997,true,EXTRA,bluetooth,8,5.2,0.95,true,0.98,bluetooth | feature_3gpp | network_technologies | use_cases | form_factors | verticals | device_types,wifi_type:0.03 | bluetooth:0.98 | esim:0.03 | feature_3gpp:0.96 | network_technologies:0.97 | use_cases:0.98 | form_factors:0.52 | verticals:0.95 | device_types:0.86,
airport-logistics-scanner,"A handheld scanner and camera for airport warehouse logistics with WiFi 6E, Bluetooth 5.3, LTE, and 5G NSA. It supports material handling, logistics, quality inspection, computer vision, and positioning and tracking.",810,false,PASS,wifi_type,6,WiFi 6E (802.11ax),0.8,true,0.98,wifi_type | bluetooth | network_technologies | use_cases | form_factors | verticals | device_types,wifi_type:0.98 | bluetooth:0.98 | esim:0.03 | feature_3gpp:0.06 | network_technologies:0.8 | use_cases:0.97 | form_factors:0.78 | verticals:0.88 | device_types:0.95,
airport-logistics-scanner,"A handheld scanner and camera for airport warehouse logistics with WiFi 6E, Bluetooth 5.3, LTE, and 5G NSA. It supports material handling, logistics, quality inspection, computer vision, and positioning and tracking.",810,false,PASS,bluetooth,10,5.3,0.95,true,0.98,wifi_type | bluetooth | network_technologies | use_cases | form_factors | verticals | device_types,wifi_type:0.98 | bluetooth:0.98 | esim:0.03 | feature_3gpp:0.06 | network_technologies:0.8 | use_cases:0.97 | form_factors:0.78 | verticals:0.88 | device_types:0.95,
airport-logistics-scanner,"A handheld scanner and camera for airport warehouse logistics with WiFi 6E, Bluetooth 5.3, LTE, and 5G NSA. It supports material handling, logistics, quality inspection, computer vision, and positioning and tracking.",810,false,PASS,network_technologies,5,LTE,0.95,true,0.8,wifi_type | bluetooth | network_technologies | use_cases | form_factors | verticals | device_types,wifi_type:0.98 | bluetooth:0.98 | esim:0.03 | feature_3gpp:0.06 | network_technologies:0.8 | use_cases:0.97 | form_factors:0.78 | verticals:0.88 | device_types:0.95,
airport-logistics-scanner,"A handheld scanner and camera for airport warehouse logistics with WiFi 6E, Bluetooth 5.3, LTE, and 5G NSA. It supports material handling, logistics, quality inspection, computer vision, and positioning and tracking.",810,false,PASS,network_technologies,12,5G NSA,0.95,true,0.8,wifi_type | bluetooth | network_technologies | use_cases | form_factors | verticals | device_types,wifi_type:0.98 | bluetooth:0.98 | esim:0.03 | feature_3gpp:0.06 | network_technologies:0.8 | use_cases:0.97 | form_factors:0.78 | verticals:0.88 | device_types:0.95,
airport-logistics-scanner,"A handheld scanner and camera for airport warehouse logistics with WiFi 6E, Bluetooth 5.3, LTE, and 5G NSA. It supports material handling, logistics, quality inspection, computer vision, and positioning and tracking.",810,false,PASS,use_cases,29,Material handling,0.95,true,0.97,wifi_type | bluetooth | network_technologies | use_cases | form_factors | verticals | device_types,wifi_type:0.98 | bluetooth:0.98 | esim:0.03 | feature_3gpp:0.06 | network_technologies:0.8 | use_cases:0.97 | form_factors:0.78 | verticals:0.88 | device_types:0.95,
airport-logistics-scanner,"A handheld scanner and camera for airport warehouse logistics with WiFi 6E, Bluetooth 5.3, LTE, and 5G NSA. It supports material handling, logistics, quality inspection, computer vision, and positioning and tracking.",810,false,MISSING,use_cases,30,Logistic,0.53,true,0.97,wifi_type | bluetooth | network_technologies | use_cases | form_factors | verticals | device_types,wifi_type:0.98 | bluetooth:0.98 | esim:0.03 | feature_3gpp:0.06 | network_technologies:0.8 | use_cases:0.97 | form_factors:0.78 | verticals:0.88 | device_types:0.95,
airport-logistics-scanner,"A handheld scanner and camera for airport warehouse logistics with WiFi 6E, Bluetooth 5.3, LTE, and 5G NSA. It supports material handling, logistics, quality inspection, computer vision, and positioning and tracking.",810,false,PASS,use_cases,27,Quality assurance & inspection,0.76,true,0.97,wifi_type | bluetooth | network_technologies | use_cases | form_factors | verticals | device_types,wifi_type:0.98 | bluetooth:0.98 | esim:0.03 | feature_3gpp:0.06 | network_technologies:0.8 | use_cases:0.97 | form_factors:0.78 | verticals:0.88 | device_types:0.95,
airport-logistics-scanner,"A handheld scanner and camera for airport warehouse logistics with WiFi 6E, Bluetooth 5.3, LTE, and 5G NSA. It supports material handling, logistics, quality inspection, computer vision, and positioning and tracking.",810,false,PASS,use_cases,26,Computer Vision,0.95,true,0.97,wifi_type | bluetooth | network_technologies | use_cases | form_factors | verticals | device_types,wifi_type:0.98 | bluetooth:0.98 | esim:0.03 | feature_3gpp:0.06 | network_technologies:0.8 | use_cases:0.97 | form_factors:0.78 | verticals:0.88 | device_types:0.95,
airport-logistics-scanner,"A handheld scanner and camera for airport warehouse logistics with WiFi 6E, Bluetooth 5.3, LTE, and 5G NSA. It supports material handling, logistics, quality inspection, computer vision, and positioning and tracking.",810,false,PASS,use_cases,14,Positioning and Tracking,0.95,true,0.97,wifi_type | bluetooth | network_technologies | use_cases | form_factors | verticals | device_types,wifi_type:0.98 | bluetooth:0.98 | esim:0.03 | feature_3gpp:0.06 | network_technologies:0.8 | use_cases:0.97 | form_factors:0.78 | verticals:0.88 | device_types:0.95,
airport-logistics-scanner,"A handheld scanner and camera for airport warehouse logistics with WiFi 6E, Bluetooth 5.3, LTE, and 5G NSA. It supports material handling, logistics, quality inspection, computer vision, and positioning and tracking.",810,false,PASS,verticals,14,Airport,0.77,true,0.88,wifi_type | bluetooth | network_technologies | use_cases | form_factors | verticals | device_types,wifi_type:0.98 | bluetooth:0.98 | esim:0.03 | feature_3gpp:0.06 | network_technologies:0.8 | use_cases:0.97 | form_factors:0.78 | verticals:0.88 | device_types:0.95,
airport-logistics-scanner,"A handheld scanner and camera for airport warehouse logistics with WiFi 6E, Bluetooth 5.3, LTE, and 5G NSA. It supports material handling, logistics, quality inspection, computer vision, and positioning and tracking.",810,false,PASS,verticals,16,Warehouse,0.85,true,0.88,wifi_type | bluetooth | network_technologies | use_cases | form_factors | verticals | device_types,wifi_type:0.98 | bluetooth:0.98 | esim:0.03 | feature_3gpp:0.06 | network_technologies:0.8 | use_cases:0.97 | form_factors:0.78 | verticals:0.88 | device_types:0.95,
airport-logistics-scanner,"A handheld scanner and camera for airport warehouse logistics with WiFi 6E, Bluetooth 5.3, LTE, and 5G NSA. It supports material handling, logistics, quality inspection, computer vision, and positioning and tracking.",810,false,PASS,device_types,13,Scanner & Cameras,0.82,true,0.95,wifi_type | bluetooth | network_technologies | use_cases | form_factors | verticals | device_types,wifi_type:0.98 | bluetooth:0.98 | esim:0.03 | feature_3gpp:0.06 | network_technologies:0.8 | use_cases:0.97 | form_factors:0.78 | verticals:0.88 | device_types:0.95,
airport-logistics-scanner,"A handheld scanner and camera for airport warehouse logistics with WiFi 6E, Bluetooth 5.3, LTE, and 5G NSA. It supports material handling, logistics, quality inspection, computer vision, and positioning and tracking.",810,false,EXTRA,verticals,10,Transportation & Logistics,0.88,true,0.88,wifi_type | bluetooth | network_technologies | use_cases | form_factors | verticals | device_types,wifi_type:0.98 | bluetooth:0.98 | esim:0.03 | feature_3gpp:0.06 | network_technologies:0.8 | use_cases:0.97 | form_factors:0.78 | verticals:0.88 | device_types:0.95,
multi-network-development-kit,"An M.2 development kit and module supporting WiFi 4, WiFi 5, Bluetooth 4.2, Bluetooth 5.1, M2M and IoT eSIM profiles, Release 16 and Release 18, LTE, LTE-Advanced, LTE-Advanced Pro, 5G NSA, and 5G SA.",808,false,MISSING,wifi_type,2,WiFi 4 (802.11n),0.51,true,0.95,wifi_type | bluetooth | esim | feature_3gpp | network_technologies | use_cases | form_factors | device_types,wifi_type:0.95 | bluetooth:0.98 | esim:0.89 | feature_3gpp:0.94 | network_technologies:0.93 | use_cases:0.69 | form_factors:0.97 | verticals:0.14 | device_types:0.97,
multi-network-development-kit,"An M.2 development kit and module supporting WiFi 4, WiFi 5, Bluetooth 4.2, Bluetooth 5.1, M2M and IoT eSIM profiles, Release 16 and Release 18, LTE, LTE-Advanced, LTE-Advanced Pro, 5G NSA, and 5G SA.",808,false,MISSING,wifi_type,3,WiFi 5 (802.11ac),0.65,true,0.95,wifi_type | bluetooth | esim | feature_3gpp | network_technologies | use_cases | form_factors | device_types,wifi_type:0.95 | bluetooth:0.98 | esim:0.89 | feature_3gpp:0.94 | network_technologies:0.93 | use_cases:0.69 | form_factors:0.97 | verticals:0.14 | device_types:0.97,
multi-network-development-kit,"An M.2 development kit and module supporting WiFi 4, WiFi 5, Bluetooth 4.2, Bluetooth 5.1, M2M and IoT eSIM profiles, Release 16 and Release 18, LTE, LTE-Advanced, LTE-Advanced Pro, 5G NSA, and 5G SA.",808,false,MISSING,bluetooth,4,4.2,0.74,true,0.98,wifi_type | bluetooth | esim | feature_3gpp | network_technologies | use_cases | form_factors | device_types,wifi_type:0.95 | bluetooth:0.98 | esim:0.89 | feature_3gpp:0.94 | network_technologies:0.93 | use_cases:0.69 | form_factors:0.97 | verticals:0.14 | device_types:0.97,
multi-network-development-kit,"An M.2 development kit and module supporting WiFi 4, WiFi 5, Bluetooth 4.2, Bluetooth 5.1, M2M and IoT eSIM profiles, Release 16 and Release 18, LTE, LTE-Advanced, LTE-Advanced Pro, 5G NSA, and 5G SA.",808,false,PASS,bluetooth,5,5.1,0.87,true,0.98,wifi_type | bluetooth | esim | feature_3gpp | network_technologies | use_cases | form_factors | device_types,wifi_type:0.95 | bluetooth:0.98 | esim:0.89 | feature_3gpp:0.94 | network_technologies:0.93 | use_cases:0.69 | form_factors:0.97 | verticals:0.14 | device_types:0.97,
multi-network-development-kit,"An M.2 development kit and module supporting WiFi 4, WiFi 5, Bluetooth 4.2, Bluetooth 5.1, M2M and IoT eSIM profiles, Release 16 and Release 18, LTE, LTE-Advanced, LTE-Advanced Pro, 5G NSA, and 5G SA.",808,false,MISSING,esim,2,M2M (SGP.02),0.54,true,0.89,wifi_type | bluetooth | esim | feature_3gpp | network_technologies | use_cases | form_factors | device_types,wifi_type:0.95 | bluetooth:0.98 | esim:0.89 | feature_3gpp:0.94 | network_technologies:0.93 | use_cases:0.69 | form_factors:0.97 | verticals:0.14 | device_types:0.97,
multi-network-development-kit,"An M.2 development kit and module supporting WiFi 4, WiFi 5, Bluetooth 4.2, Bluetooth 5.1, M2M and IoT eSIM profiles, Release 16 and Release 18, LTE, LTE-Advanced, LTE-Advanced Pro, 5G NSA, and 5G SA.",808,false,MISSING,esim,4,IoT (SGP.32),0.69,true,0.89,wifi_type | bluetooth | esim | feature_3gpp | network_technologies | use_cases | form_factors | device_types,wifi_type:0.95 | bluetooth:0.98 | esim:0.89 | feature_3gpp:0.94 | network_technologies:0.93 | use_cases:0.69 | form_factors:0.97 | verticals:0.14 | device_types:0.97,
multi-network-development-kit,"An M.2 development kit and module supporting WiFi 4, WiFi 5, Bluetooth 4.2, Bluetooth 5.1, M2M and IoT eSIM profiles, Release 16 and Release 18, LTE, LTE-Advanced, LTE-Advanced Pro, 5G NSA, and 5G SA.",808,false,PASS,feature_3gpp,2,Release 16,0.86,true,0.94,wifi_type | bluetooth | esim | feature_3gpp | network_technologies | use_cases | form_factors | device_types,wifi_type:0.95 | bluetooth:0.98 | esim:0.89 | feature_3gpp:0.94 | network_technologies:0.93 | use_cases:0.69 | form_factors:0.97 | verticals:0.14 | device_types:0.97,
multi-network-development-kit,"An M.2 development kit and module supporting WiFi 4, WiFi 5, Bluetooth 4.2, Bluetooth 5.1, M2M and IoT eSIM profiles, Release 16 and Release 18, LTE, LTE-Advanced, LTE-Advanced Pro, 5G NSA, and 5G SA.",808,false,PASS,feature_3gpp,3,Release 18,0.86,true,0.94,wifi_type | bluetooth | esim | feature_3gpp | network_technologies | use_cases | form_factors | device_types,wifi_type:0.95 | bluetooth:0.98 | esim:0.89 | feature_3gpp:0.94 | network_technologies:0.93 | use_cases:0.69 | form_factors:0.97 | verticals:0.14 | device_types:0.97,
multi-network-development-kit,"An M.2 development kit and module supporting WiFi 4, WiFi 5, Bluetooth 4.2, Bluetooth 5.1, M2M and IoT eSIM profiles, Release 16 and Release 18, LTE, LTE-Advanced, LTE-Advanced Pro, 5G NSA, and 5G SA.",808,false,PASS,network_technologies,5,LTE,0.9,true,0.93,wifi_type | bluetooth | esim | feature_3gpp | network_technologies | use_cases | form_factors | device_types,wifi_type:0.95 | bluetooth:0.98 | esim:0.89 | feature_3gpp:0.94 | network_technologies:0.93 | use_cases:0.69 | form_factors:0.97 | verticals:0.14 | device_types:0.97,
multi-network-development-kit,"An M.2 development kit and module supporting WiFi 4, WiFi 5, Bluetooth 4.2, Bluetooth 5.1, M2M and IoT eSIM profiles, Release 16 and Release 18, LTE, LTE-Advanced, LTE-Advanced Pro, 5G NSA, and 5G SA.",808,false,PASS,network_technologies,6,LTE-Advanced,0.9,true,0.93,wifi_type | bluetooth | esim | feature_3gpp | network_technologies | use_cases | form_factors | device_types,wifi_type:0.95 | bluetooth:0.98 | esim:0.89 | feature_3gpp:0.94 | network_technologies:0.93 | use_cases:0.69 | form_factors:0.97 | verticals:0.14 | device_types:0.97,
multi-network-development-kit,"An M.2 development kit and module supporting WiFi 4, WiFi 5, Bluetooth 4.2, Bluetooth 5.1, M2M and IoT eSIM profiles, Release 16 and Release 18, LTE, LTE-Advanced, LTE-Advanced Pro, 5G NSA, and 5G SA.",808,false,PASS,network_technologies,21,LTE-Advanced Pro,0.89,true,0.93,wifi_type | bluetooth | esim | feature_3gpp | network_technologies | use_cases | form_factors | device_types,wifi_type:0.95 | bluetooth:0.98 | esim:0.89 | feature_3gpp:0.94 | network_technologies:0.93 | use_cases:0.69 | form_factors:0.97 | verticals:0.14 | device_types:0.97,
multi-network-development-kit,"An M.2 development kit and module supporting WiFi 4, WiFi 5, Bluetooth 4.2, Bluetooth 5.1, M2M and IoT eSIM profiles, Release 16 and Release 18, LTE, LTE-Advanced, LTE-Advanced Pro, 5G NSA, and 5G SA.",808,false,PASS,network_technologies,12,5G NSA,0.94,true,0.93,wifi_type | bluetooth | esim | feature_3gpp | network_technologies | use_cases | form_factors | device_types,wifi_type:0.95 | bluetooth:0.98 | esim:0.89 | feature_3gpp:0.94 | network_technologies:0.93 | use_cases:0.69 | form_factors:0.97 | verticals:0.14 | device_types:0.97,
multi-network-development-kit,"An M.2 development kit and module supporting WiFi 4, WiFi 5, Bluetooth 4.2, Bluetooth 5.1, M2M and IoT eSIM profiles, Release 16 and Release 18, LTE, LTE-Advanced, LTE-Advanced Pro, 5G NSA, and 5G SA.",808,false,PASS,network_technologies,14,5G SA,0.94,true,0.93,wifi_type | bluetooth | esim | feature_3gpp | network_technologies | use_cases | form_factors | device_types,wifi_type:0.95 | bluetooth:0.98 | esim:0.89 | feature_3gpp:0.94 | network_technologies:0.93 | use_cases:0.69 | form_factors:0.97 | verticals:0.14 | device_types:0.97,
multi-network-development-kit,"An M.2 development kit and module supporting WiFi 4, WiFi 5, Bluetooth 4.2, Bluetooth 5.1, M2M and IoT eSIM profiles, Release 16 and Release 18, LTE, LTE-Advanced, LTE-Advanced Pro, 5G NSA, and 5G SA.",808,false,PASS,form_factors,2,M.2,0.96,true,0.97,wifi_type | bluetooth | esim | feature_3gpp | network_technologies | use_cases | form_factors | device_types,wifi_type:0.95 | bluetooth:0.98 | esim:0.89 | feature_3gpp:0.94 | network_technologies:0.93 | use_cases:0.69 | form_factors:0.97 | verticals:0.14 | device_types:0.97,
multi-network-development-kit,"An M.2 development kit and module supporting WiFi 4, WiFi 5, Bluetooth 4.2, Bluetooth 5.1, M2M and IoT eSIM profiles, Release 16 and Release 18, LTE, LTE-Advanced, LTE-Advanced Pro, 5G NSA, and 5G SA.",808,false,PASS,device_types,10,Development Kit,0.93,true,0.97,wifi_type | bluetooth | esim | feature_3gpp | network_technologies | use_cases | form_factors | device_types,wifi_type:0.95 | bluetooth:0.98 | esim:0.89 | feature_3gpp:0.94 | network_technologies:0.93 | use_cases:0.69 | form_factors:0.97 | verticals:0.14 | device_types:0.97,
multi-network-development-kit,"An M.2 development kit and module supporting WiFi 4, WiFi 5, Bluetooth 4.2, Bluetooth 5.1, M2M and IoT eSIM profiles, Release 16 and Release 18, LTE, LTE-Advanced, LTE-Advanced Pro, 5G NSA, and 5G SA.",808,false,MISSING,device_types,1,Module & Chipset,0.66,true,0.97,wifi_type | bluetooth | esim | feature_3gpp | network_technologies | use_cases | form_factors | device_types,wifi_type:0.95 | bluetooth:0.98 | esim:0.89 | feature_3gpp:0.94 | network_technologies:0.93 | use_cases:0.69 | form_factors:0.97 | verticals:0.14 | device_types:0.97,
legacy-featurephone,"A featurephone supporting WiFi 4, Bluetooth 4.2 and LE 4.2, 2G GSM/GPRS/EDGE, 3G UMTS/HSPA, LTE, VoLTE, and Release 14. It is a handheld consumer device used for secure communications and geolocation.",823,false,PASS,wifi_type,2,WiFi 4 (802.11n),0.8,true,0.97,wifi_type | bluetooth | feature_3gpp | network_technologies | use_cases | form_factors | device_types,wifi_type:0.97 | bluetooth:0.98 | esim:0.02 | feature_3gpp:0.95 | network_technologies:0.96 | use_cases:0.93 | form_factors:0.88 | verticals:0.14 | device_types:0.87,
legacy-featurephone,"A featurephone supporting WiFi 4, Bluetooth 4.2 and LE 4.2, 2G GSM/GPRS/EDGE, 3G UMTS/HSPA, LTE, VoLTE, and Release 14. It is a handheld consumer device used for secure communications and geolocation.",823,false,PASS,bluetooth,4,4.2,0.94,true,0.98,wifi_type | bluetooth | feature_3gpp | network_technologies | use_cases | form_factors | device_types,wifi_type:0.97 | bluetooth:0.98 | esim:0.02 | feature_3gpp:0.95 | network_technologies:0.96 | use_cases:0.93 | form_factors:0.88 | verticals:0.14 | device_types:0.87,
legacy-featurephone,"A featurephone supporting WiFi 4, Bluetooth 4.2 and LE 4.2, 2G GSM/GPRS/EDGE, 3G UMTS/HSPA, LTE, VoLTE, and Release 14. It is a handheld consumer device used for secure communications and geolocation.",823,false,PASS,bluetooth,17,LE 4.2,0.91,true,0.98,wifi_type | bluetooth | feature_3gpp | network_technologies | use_cases | form_factors | device_types,wifi_type:0.97 | bluetooth:0.98 | esim:0.02 | feature_3gpp:0.95 | network_technologies:0.96 | use_cases:0.93 | form_factors:0.88 | verticals:0.14 | device_types:0.87,
legacy-featurephone,"A featurephone supporting WiFi 4, Bluetooth 4.2 and LE 4.2, 2G GSM/GPRS/EDGE, 3G UMTS/HSPA, LTE, VoLTE, and Release 14. It is a handheld consumer device used for secure communications and geolocation.",823,false,PASS,feature_3gpp,7,Release 14,0.94,true,0.95,wifi_type | bluetooth | feature_3gpp | network_technologies | use_cases | form_factors | device_types,wifi_type:0.97 | bluetooth:0.98 | esim:0.02 | feature_3gpp:0.95 | network_technologies:0.96 | use_cases:0.93 | form_factors:0.88 | verticals:0.14 | device_types:0.87,
legacy-featurephone,"A featurephone supporting WiFi 4, Bluetooth 4.2 and LE 4.2, 2G GSM/GPRS/EDGE, 3G UMTS/HSPA, LTE, VoLTE, and Release 14. It is a handheld consumer device used for secure communications and geolocation.",823,false,PASS,network_technologies,13,"2G (GSM, GPRS, EDGE)",0.87,true,0.96,wifi_type | bluetooth | feature_3gpp | network_technologies | use_cases | form_factors | device_types,wifi_type:0.97 | bluetooth:0.98 | esim:0.02 | feature_3gpp:0.95 | network_technologies:0.96 | use_cases:0.93 | form_factors:0.88 | verticals:0.14 | device_types:0.87,
legacy-featurephone,"A featurephone supporting WiFi 4, Bluetooth 4.2 and LE 4.2, 2G GSM/GPRS/EDGE, 3G UMTS/HSPA, LTE, VoLTE, and Release 14. It is a handheld consumer device used for secure communications and geolocation.",823,false,PASS,network_technologies,16,"3G (UMTS, HSPA)",0.9,true,0.96,wifi_type | bluetooth | feature_3gpp | network_technologies | use_cases | form_factors | device_types,wifi_type:0.97 | bluetooth:0.98 | esim:0.02 | feature_3gpp:0.95 | network_technologies:0.96 | use_cases:0.93 | form_factors:0.88 | verticals:0.14 | device_types:0.87,
legacy-featurephone,"A featurephone supporting WiFi 4, Bluetooth 4.2 and LE 4.2, 2G GSM/GPRS/EDGE, 3G UMTS/HSPA, LTE, VoLTE, and Release 14. It is a handheld consumer device used for secure communications and geolocation.",823,false,PASS,network_technologies,5,LTE,0.95,true,0.96,wifi_type | bluetooth | feature_3gpp | network_technologies | use_cases | form_factors | device_types,wifi_type:0.97 | bluetooth:0.98 | esim:0.02 | feature_3gpp:0.95 | network_technologies:0.96 | use_cases:0.93 | form_factors:0.88 | verticals:0.14 | device_types:0.87,
legacy-featurephone,"A featurephone supporting WiFi 4, Bluetooth 4.2 and LE 4.2, 2G GSM/GPRS/EDGE, 3G UMTS/HSPA, LTE, VoLTE, and Release 14. It is a handheld consumer device used for secure communications and geolocation.",823,false,PASS,network_technologies,8,VoLTE,0.94,true,0.96,wifi_type | bluetooth | feature_3gpp | network_technologies | use_cases | form_factors | device_types,wifi_type:0.97 | bluetooth:0.98 | esim:0.02 | feature_3gpp:0.95 | network_technologies:0.96 | use_cases:0.93 | form_factors:0.88 | verticals:0.14 | device_types:0.87,
legacy-featurephone,"A featurephone supporting WiFi 4, Bluetooth 4.2 and LE 4.2, 2G GSM/GPRS/EDGE, 3G UMTS/HSPA, LTE, VoLTE, and Release 14. It is a handheld consumer device used for secure communications and geolocation.",823,false,PASS,use_cases,38,Secure communications,0.91,true,0.93,wifi_type | bluetooth | feature_3gpp | network_technologies | use_cases | form_factors | device_types,wifi_type:0.97 | bluetooth:0.98 | esim:0.02 | feature_3gpp:0.95 | network_technologies:0.96 | use_cases:0.93 | form_factors:0.88 | verticals:0.14 | device_types:0.87,
legacy-featurephone,"A featurephone supporting WiFi 4, Bluetooth 4.2 and LE 4.2, 2G GSM/GPRS/EDGE, 3G UMTS/HSPA, LTE, VoLTE, and Release 14. It is a handheld consumer device used for secure communications and geolocation.",823,false,PASS,use_cases,43,Geolocation,0.91,true,0.93,wifi_type | bluetooth | feature_3gpp | network_technologies | use_cases | form_factors | device_types,wifi_type:0.97 | bluetooth:0.98 | esim:0.02 | feature_3gpp:0.95 | network_technologies:0.96 | use_cases:0.93 | form_factors:0.88 | verticals:0.14 | device_types:0.87,
legacy-featurephone,"A featurephone supporting WiFi 4, Bluetooth 4.2 and LE 4.2, 2G GSM/GPRS/EDGE, 3G UMTS/HSPA, LTE, VoLTE, and Release 14. It is a handheld consumer device used for secure communications and geolocation.",823,false,PASS,form_factors,11,Featurephone,0.95,true,0.88,wifi_type | bluetooth | feature_3gpp | network_technologies | use_cases | form_factors | device_types,wifi_type:0.97 | bluetooth:0.98 | esim:0.02 | feature_3gpp:0.95 | network_technologies:0.96 | use_cases:0.93 | form_factors:0.88 | verticals:0.14 | device_types:0.87,
legacy-featurephone,"A featurephone supporting WiFi 4, Bluetooth 4.2 and LE 4.2, 2G GSM/GPRS/EDGE, 3G UMTS/HSPA, LTE, VoLTE, and Release 14. It is a handheld consumer device used for secure communications and geolocation.",823,false,MISSING,verticals,2,IoT Consumer,,false,0.14,wifi_type | bluetooth | feature_3gpp | network_technologies | use_cases | form_factors | device_types,wifi_type:0.97 | bluetooth:0.98 | esim:0.02 | feature_3gpp:0.95 | network_technologies:0.96 | use_cases:0.93 | form_factors:0.88 | verticals:0.14 | device_types:0.87,
legacy-featurephone,"A featurephone supporting WiFi 4, Bluetooth 4.2 and LE 4.2, 2G GSM/GPRS/EDGE, 3G UMTS/HSPA, LTE, VoLTE, and Release 14. It is a handheld consumer device used for secure communications and geolocation.",823,false,MISSING,device_types,2,Handhelds & Wearables,0.68,true,0.87,wifi_type | bluetooth | feature_3gpp | network_technologies | use_cases | form_factors | device_types,wifi_type:0.97 | bluetooth:0.98 | esim:0.02 | feature_3gpp:0.95 | network_technologies:0.96 | use_cases:0.93 | form_factors:0.88 | verticals:0.14 | device_types:0.87,
